bt5_shared,V2
AAACCCAGTTGGCCGT-1,ch_ch2_AAACCCAGTTGGCCGT-1
AAACGAATCCGACATA-1,ch_ch2_AAACGAATCCGACATA-1
AAACGCTTCTATTTCG-1,ch_ch2_AAACGCTTCTATTTCG-1
AAAGAACGTAATCAGA-1,ch_ch2_AAAGAACGTAATCAGA-1
AAAGGGCGTATCGGTT-1,ch_ch2_AAAGGGCGTATCGGTT-1
AAAGGTACAAGACGAC-1,ch_ch2_AAAGGTACAAGACGAC-1
AAAGGTATCTTACTGT-1,ch_ch2_AAAGGTATCTTACTGT-1
AAAGTGAAGCCGAATG-1,ch_ch2_AAAGTGAAGCCGAATG-1
AAAGTGAAGCTCGAAG-1,ch_ch2_AAAGTGAAGCTCGAAG-1
AAAGTGATCCCTCAAC-1,ch_ch2_AAAGTGATCCCTCAAC-1
AACAACCCAAACTCTG-1,ch_ch2_AACAACCCAAACTCTG-1
AACAAGATCTTTGGAG-1,ch_ch2_AACAAGATCTTTGGAG-1
AACACACTCGAACACT-1,ch_ch2_AACACACTCGAACACT-1
AACCAACTCTGCGTCT-1,ch_ch2_AACCAACTCTGCGTCT-1
AACCTTTGTCGACGCT-1,ch_ch2_AACCTTTGTCGACGCT-1
AACGAAAGTGTTAACC-1,ch_ch2_AACGAAAGTGTTAACC-1
AACGGGACAGTGAGCA-1,ch_ch2_AACGGGACAGTGAGCA-1
AAGACAAGTATGTCTG-1,ch_ch2_AAGACAAGTATGTCTG-1
AAGCATCGTCAAATCC-1,ch_ch2_AAGCATCGTCAAATCC-1
AAGCATCTCCCGTGAG-1,ch_ch2_AAGCATCTCCCGTGAG-1
AAGTCGTAGGAAGTAG-1,ch_ch2_AAGTCGTAGGAAGTAG-1
AAGTCGTAGTTACGGG-1,ch_ch2_AAGTCGTAGTTACGGG-1
AAGTGAACAATCACGT-1,ch_ch2_AAGTGAACAATCACGT-1
AAGTTCGCATGTGGTT-1,ch_ch2_AAGTTCGCATGTGGTT-1
AATCGTGTCCTTGACC-1,ch_ch2_AATCGTGTCCTTGACC-1
AATGAAGGTCTCCCTA-1,ch_ch2_AATGAAGGTCTCCCTA-1
AATGAAGTCTTGGCTC-1,ch_ch2_AATGAAGTCTTGGCTC-1
AATGACCCAACGACAG-1,ch_ch2_AATGACCCAACGACAG-1
AATGCCAGTTCTTGCC-1,ch_ch2_AATGCCAGTTCTTGCC-1
AATGGAAAGAAGTATC-1,ch_ch2_AATGGAAAGAAGTATC-1
AATGGAATCAAACTGC-1,ch_ch2_AATGGAATCAAACTGC-1
AATGGCTCAGCTACCG-1,ch_ch2_AATGGCTCAGCTACCG-1
AATTCCTGTTATTCCT-1,ch_ch2_AATTCCTGTTATTCCT-1
AATTTCCTCTGGGCCA-1,ch_ch2_AATTTCCTCTGGGCCA-1
ACAAAGATCAAGCTGT-1,ch_ch2_ACAAAGATCAAGCTGT-1
ACAACCACAAATCAAG-1,ch_ch2_ACAACCACAAATCAAG-1
ACACTGAAGAATTTGG-1,ch_ch2_ACACTGAAGAATTTGG-1
ACACTGACAATTTCGG-1,ch_ch2_ACACTGACAATTTCGG-1
ACAGAAACAGAAGTTA-1,ch_ch2_ACAGAAACAGAAGTTA-1
ACAGAAAGTTGCCATA-1,ch_ch2_ACAGAAAGTTGCCATA-1
ACAGCCGGTCGAACAG-1,ch_ch2_ACAGCCGGTCGAACAG-1
ACAGCCGGTGAGAACC-1,ch_ch2_ACAGCCGGTGAGAACC-1
ACAGGGAAGCGACTTT-1,ch_ch2_ACAGGGAAGCGACTTT-1
ACAGGGAAGTTGAAGT-1,ch_ch2_ACAGGGAAGTTGAAGT-1
ACATCCCAGTGGTTCT-1,ch_ch2_ACATCCCAGTGGTTCT-1
ACATCCCGTATCGCGC-1,ch_ch2_ACATCCCGTATCGCGC-1
ACATGCACAGACGGAT-1,ch_ch2_ACATGCACAGACGGAT-1
ACATGCAGTTATGGTC-1,ch_ch2_ACATGCAGTTATGGTC-1
ACATTTCGTTCCGGTG-1,ch_ch2_ACATTTCGTTCCGGTG-1
ACCACAAAGTCCCGGT-1,ch_ch2_ACCACAAAGTCCCGGT-1
ACCACAACAGGTAGTG-1,ch_ch2_ACCACAACAGGTAGTG-1
ACCACAATCATACGAC-1,ch_ch2_ACCACAATCATACGAC-1
ACCATTTGTAGCCCTG-1,ch_ch2_ACCATTTGTAGCCCTG-1
ACCATTTTCAAAGACA-1,ch_ch2_ACCATTTTCAAAGACA-1
ACCCAAAGTATACCCA-1,ch_ch2_ACCCAAAGTATACCCA-1
ACCCTCACACAGCTGC-1,ch_ch2_ACCCTCACACAGCTGC-1
ACCCTCATCAAATGAG-1,ch_ch2_ACCCTCATCAAATGAG-1
ACCTACCTCCGACATA-1,ch_ch2_ACCTACCTCCGACATA-1
ACGATCATCCGTGTCT-1,ch_ch2_ACGATCATCCGTGTCT-1
ACGCACGTCGGTTGTA-1,ch_ch2_ACGCACGTCGGTTGTA-1
ACGGAAGCAAGTCCCG-1,ch_ch2_ACGGAAGCAAGTCCCG-1
ACGGGTCGTCGGTACC-1,ch_ch2_ACGGGTCGTCGGTACC-1
ACGTAACAGCCTCAAT-1,ch_ch2_ACGTAACAGCCTCAAT-1
ACGTCCTTCTCAATCT-1,ch_ch2_ACGTCCTTCTCAATCT-1
ACGTTCCTCGGCCCAA-1,ch_ch2_ACGTTCCTCGGCCCAA-1
ACTACGACAACACGAG-1,ch_ch2_ACTACGACAACACGAG-1
ACTGATGTCTCAAAGC-1,ch_ch2_ACTGATGTCTCAAAGC-1
ACTGCAATCCAAGGGA-1,ch_ch2_ACTGCAATCCAAGGGA-1
ACTGTCCTCAACCCGG-1,ch_ch2_ACTGTCCTCAACCCGG-1
ACTGTGAGTACGACTT-1,ch_ch2_ACTGTGAGTACGACTT-1
ACTTAGGGTCTTACTT-1,ch_ch2_ACTTAGGGTCTTACTT-1
ACTTATCCACACGGTC-1,ch_ch2_ACTTATCCACACGGTC-1
ACTTCCGCAGTCGGTC-1,ch_ch2_ACTTCCGCAGTCGGTC-1
ACTTTCACACGCAAAG-1,ch_ch2_ACTTTCACACGCAAAG-1
ACTTTCATCGAGTCTA-1,ch_ch2_ACTTTCATCGAGTCTA-1
AGAAATGTCCTATGGA-1,ch_ch2_AGAAATGTCCTATGGA-1
AGAAGCGAGAAGCGCT-1,ch_ch2_AGAAGCGAGAAGCGCT-1
AGAAGCGCACAGCCAC-1,ch_ch2_AGAAGCGCACAGCCAC-1
AGAAGTAAGGCTAGCA-1,ch_ch2_AGAAGTAAGGCTAGCA-1
AGACAGGTCGAACGGA-1,ch_ch2_AGACAGGTCGAACGGA-1
AGACCATTCGCTTACC-1,ch_ch2_AGACCATTCGCTTACC-1
AGACTCATCTGGGAGA-1,ch_ch2_AGACTCATCTGGGAGA-1
AGAGAGCCAACGACAG-1,ch_ch2_AGAGAGCCAACGACAG-1
AGAGCCCGTAGAATGT-1,ch_ch2_AGAGCCCGTAGAATGT-1
AGATCCAAGTATGATG-1,ch_ch2_AGATCCAAGTATGATG-1
AGATCCATCTCCCAAC-1,ch_ch2_AGATCCATCTCCCAAC-1
AGCCAATGTCGCTGCA-1,ch_ch2_AGCCAATGTCGCTGCA-1
AGCCAGCTCATGGGAG-1,ch_ch2_AGCCAGCTCATGGGAG-1
AGCGATTTCAAGTCTG-1,ch_ch2_AGCGATTTCAAGTCTG-1
AGCGTATGTGACGTCC-1,ch_ch2_AGCGTATGTGACGTCC-1
AGCGTATTCGGAGTAG-1,ch_ch2_AGCGTATTCGGAGTAG-1
AGCTACAAGAACGTGC-1,ch_ch2_AGCTACAAGAACGTGC-1
AGCTCAATCGTTGTTT-1,ch_ch2_AGCTCAATCGTTGTTT-1
AGGACGAGTACGAGTG-1,ch_ch2_AGGACGAGTACGAGTG-1
AGGACTTTCCAGCACG-1,ch_ch2_AGGACTTTCCAGCACG-1
AGGAGGTAGGCCTGAA-1,ch_ch2_AGGAGGTAGGCCTGAA-1
AGGCTGCAGCGCACAA-1,ch_ch2_AGGCTGCAGCGCACAA-1
AGGGCTCGTAGACACG-1,ch_ch2_AGGGCTCGTAGACACG-1
AGGTAGGGTCTAGTGT-1,ch_ch2_AGGTAGGGTCTAGTGT-1
AGGTAGGTCTCATGCC-1,ch_ch2_AGGTAGGTCTCATGCC-1
AGGTTGTAGGCTGGAT-1,ch_ch2_AGGTTGTAGGCTGGAT-1
AGTAACCAGAATGTTG-1,ch_ch2_AGTAACCAGAATGTTG-1
AGTACTGGTACGAAAT-1,ch_ch2_AGTACTGGTACGAAAT-1
AGTACTGGTGTATTCG-1,ch_ch2_AGTACTGGTGTATTCG-1
AGTAGTCAGTGTTGAA-1,ch_ch2_AGTAGTCAGTGTTGAA-1
AGTCATGCACAAGTGG-1,ch_ch2_AGTCATGCACAAGTGG-1
AGTCTCCAGAACTGAT-1,ch_ch2_AGTCTCCAGAACTGAT-1
AGTTCCCGTATTTCCT-1,ch_ch2_AGTTCCCGTATTTCCT-1
ATAGACCAGGATAATC-1,ch_ch2_ATAGACCAGGATAATC-1
ATAGAGAGTCTTACTT-1,ch_ch2_ATAGAGAGTCTTACTT-1
ATAGAGATCGGACTTA-1,ch_ch2_ATAGAGATCGGACTTA-1
ATAGGCTCATCTTAGG-1,ch_ch2_ATAGGCTCATCTTAGG-1
ATAGGCTCATTCAGGT-1,ch_ch2_ATAGGCTCATTCAGGT-1
ATAGGCTTCAGTGGGA-1,ch_ch2_ATAGGCTTCAGTGGGA-1
ATCGGCGTCCAACTAG-1,ch_ch2_ATCGGCGTCCAACTAG-1
ATCGTGATCGTCAAAC-1,ch_ch2_ATCGTGATCGTCAAAC-1
ATGAAAGAGAAACTCA-1,ch_ch2_ATGAAAGAGAAACTCA-1
ATGCATGCAAGCTCTA-1,ch_ch2_ATGCATGCAAGCTCTA-1
ATGGGAGCAGAGAGGG-1,ch_ch2_ATGGGAGCAGAGAGGG-1
ATGGGTTCAGTTTCGA-1,ch_ch2_ATGGGTTCAGTTTCGA-1
ATGGGTTCATGTAACC-1,ch_ch2_ATGGGTTCATGTAACC-1
ATGGTTGAGACAGCGT-1,ch_ch2_ATGGTTGAGACAGCGT-1
ATGTCCCAGAGGATCC-1,ch_ch2_ATGTCCCAGAGGATCC-1
ATGTCCCCAGGTCTCG-1,ch_ch2_ATGTCCCCAGGTCTCG-1
ATTCATCGTATTCCTT-1,ch_ch2_ATTCATCGTATTCCTT-1
ATTCATCGTGTGTACT-1,ch_ch2_ATTCATCGTGTGTACT-1
ATTCCTAAGGCGTCCT-1,ch_ch2_ATTCCTAAGGCGTCCT-1
ATTCGTTCAACGTAAA-1,ch_ch2_ATTCGTTCAACGTAAA-1
ATTCTACAGTCTAACC-1,ch_ch2_ATTCTACAGTCTAACC-1
ATTCTACTCCCGAGGT-1,ch_ch2_ATTCTACTCCCGAGGT-1
ATTGTTCGTTCGGCCA-1,ch_ch2_ATTGTTCGTTCGGCCA-1
ATTTACCGTCACAGTT-1,ch_ch2_ATTTACCGTCACAGTT-1
ATTTCACAGATGCAGC-1,ch_ch2_ATTTCACAGATGCAGC-1
ATTTCTGAGCTCGCAC-1,ch_ch2_ATTTCTGAGCTCGCAC-1
CAAAGAAAGCGTATAA-1,ch_ch2_CAAAGAAAGCGTATAA-1
CAACAACGTTGCACGC-1,ch_ch2_CAACAACGTTGCACGC-1
CAACCAAAGCCTCGTG-1,ch_ch2_CAACCAAAGCCTCGTG-1
CAACCTCCACGTGAGA-1,ch_ch2_CAACCTCCACGTGAGA-1
CAAGACTAGGTCGACA-1,ch_ch2_CAAGACTAGGTCGACA-1
CAAGACTCATTCACAG-1,ch_ch2_CAAGACTCATTCACAG-1
CAAGCTACACAGCATT-1,ch_ch2_CAAGCTACACAGCATT-1
CAATGACAGATTGACA-1,ch_ch2_CAATGACAGATTGACA-1
CACACAAGTGGTAACG-1,ch_ch2_CACACAAGTGGTAACG-1
CACAGGCCAGCATACT-1,ch_ch2_CACAGGCCAGCATACT-1
CACATGAAGCCTTGAT-1,ch_ch2_CACATGAAGCCTTGAT-1
CACGTTCAGGTCTTTG-1,ch_ch2_CACGTTCAGGTCTTTG-1
CACTGAACAGCAAGAC-1,ch_ch2_CACTGAACAGCAAGAC-1
CACTGTCCAACTCCAA-1,ch_ch2_CACTGTCCAACTCCAA-1
CACTTCGGTAAGGAGA-1,ch_ch2_CACTTCGGTAAGGAGA-1
CACTTCGTCCCAGGCA-1,ch_ch2_CACTTCGTCCCAGGCA-1
CAGATCACAGCGAACA-1,ch_ch2_CAGATCACAGCGAACA-1
CAGATTGCAACACTAC-1,ch_ch2_CAGATTGCAACACTAC-1
CAGCAATAGTCCTGTA-1,ch_ch2_CAGCAATAGTCCTGTA-1
CAGCAATCATAGCTGT-1,ch_ch2_CAGCAATCATAGCTGT-1
CAGCGTGAGCTACGTT-1,ch_ch2_CAGCGTGAGCTACGTT-1
CAGGGCTAGCTCCATA-1,ch_ch2_CAGGGCTAGCTCCATA-1
CAGGTATGTCACTAGT-1,ch_ch2_CAGGTATGTCACTAGT-1
CAGTTAGCAGTAGAAT-1,ch_ch2_CAGTTAGCAGTAGAAT-1
CAGTTCCAGAAACCAT-1,ch_ch2_CAGTTCCAGAAACCAT-1
CATAAGCAGGATTTAG-1,ch_ch2_CATAAGCAGGATTTAG-1
CATACCCAGATGATTG-1,ch_ch2_CATACCCAGATGATTG-1
CATCCACCAACAAGTA-1,ch_ch2_CATCCACCAACAAGTA-1
CATCCCAAGGCTTTCA-1,ch_ch2_CATCCCAAGGCTTTCA-1
CATCGTCAGTAAGACT-1,ch_ch2_CATCGTCAGTAAGACT-1
CATCGTCGTAGGCTCC-1,ch_ch2_CATCGTCGTAGGCTCC-1
CATGAGTCATGGACAG-1,ch_ch2_CATGAGTCATGGACAG-1
CATGCAACAAGTGATA-1,ch_ch2_CATGCAACAAGTGATA-1
CATGCAAGTGTTACAC-1,ch_ch2_CATGCAAGTGTTACAC-1
CATGCCTTCAACTGGT-1,ch_ch2_CATGCCTTCAACTGGT-1
CATGCGGAGTTCCTGA-1,ch_ch2_CATGCGGAGTTCCTGA-1
CATGCGGCACAGTATC-1,ch_ch2_CATGCGGCACAGTATC-1
CATGCGGCATATCTGG-1,ch_ch2_CATGCGGCATATCTGG-1
CATGGATGTATTTCGG-1,ch_ch2_CATGGATGTATTTCGG-1
CATGGTAAGCTTTCTT-1,ch_ch2_CATGGTAAGCTTTCTT-1
CATGGTAGTTGCTTGA-1,ch_ch2_CATGGTAGTTGCTTGA-1
CATGGTATCAGTCAGT-1,ch_ch2_CATGGTATCAGTCAGT-1
CATTCTAAGTGCCCGT-1,ch_ch2_CATTCTAAGTGCCCGT-1
CATTCTACACCAAATC-1,ch_ch2_CATTCTACACCAAATC-1
CATTGAGAGAATCGAT-1,ch_ch2_CATTGAGAGAATCGAT-1
CATTGAGGTATGATCC-1,ch_ch2_CATTGAGGTATGATCC-1
CATTGCCCACACCGAC-1,ch_ch2_CATTGCCCACACCGAC-1
CATTGCCTCGCTTACC-1,ch_ch2_CATTGCCTCGCTTACC-1
CCAAGCGGTCTCTCAC-1,ch_ch2_CCAAGCGGTCTCTCAC-1
CCAATGATCACTTTGT-1,ch_ch2_CCAATGATCACTTTGT-1
CCACAAATCTAACGCA-1,ch_ch2_CCACAAATCTAACGCA-1
CCACCATAGGCTTAAA-1,ch_ch2_CCACCATAGGCTTAAA-1
CCACGAGAGACAAGCC-1,ch_ch2_CCACGAGAGACAAGCC-1
CCACGAGGTATGCAAA-1,ch_ch2_CCACGAGGTATGCAAA-1
CCACGTTAGAGTGACC-1,ch_ch2_CCACGTTAGAGTGACC-1
CCACGTTCAACCGACC-1,ch_ch2_CCACGTTCAACCGACC-1
CCATAAGCAGAAGTTA-1,ch_ch2_CCATAAGCAGAAGTTA-1
CCATAAGCATGATGCT-1,ch_ch2_CCATAAGCATGATGCT-1
CCCGAAGCAGCGTACC-1,ch_ch2_CCCGAAGCAGCGTACC-1
CCCTCAATCGCCACTT-1,ch_ch2_CCCTCAATCGCCACTT-1
CCCTCTCTCGTTGTAG-1,ch_ch2_CCCTCTCTCGTTGTAG-1
CCCTGATCACACACTA-1,ch_ch2_CCCTGATCACACACTA-1
CCGATCTGTCGAACAG-1,ch_ch2_CCGATCTGTCGAACAG-1
CCGCAAGAGCTGTACT-1,ch_ch2_CCGCAAGAGCTGTACT-1
CCGGTGATCCGTTGAA-1,ch_ch2_CCGGTGATCCGTTGAA-1
CCTAACCCACCGGAAA-1,ch_ch2_CCTAACCCACCGGAAA-1
CCTCAACTCCACACAA-1,ch_ch2_CCTCAACTCCACACAA-1
CCTCACAAGACTGTTC-1,ch_ch2_CCTCACAAGACTGTTC-1
CCTCACAGTAGACAAT-1,ch_ch2_CCTCACAGTAGACAAT-1
CCTCAGTGTAACAAGT-1,ch_ch2_CCTCAGTGTAACAAGT-1
CCTCATGTCCAGTGTA-1,ch_ch2_CCTCATGTCCAGTGTA-1
CCTCTCCGTCATCCGG-1,ch_ch2_CCTCTCCGTCATCCGG-1
CCTTGTGCATTCACAG-1,ch_ch2_CCTTGTGCATTCACAG-1
CGAAGGATCACCTCGT-1,ch_ch2_CGAAGGATCACCTCGT-1
CGAAGTTCACTCCCTA-1,ch_ch2_CGAAGTTCACTCCCTA-1
CGACAGCAGCAATTAG-1,ch_ch2_CGACAGCAGCAATTAG-1
CGAGAAGCACACCGAC-1,ch_ch2_CGAGAAGCACACCGAC-1
CGAGAAGCAGTTTCGA-1,ch_ch2_CGAGAAGCAGTTTCGA-1
CGAGGAACAGCTACCG-1,ch_ch2_CGAGGAACAGCTACCG-1
CGAGTTAGTAACTTCG-1,ch_ch2_CGAGTTAGTAACTTCG-1
CGATGGCTCGCACGAC-1,ch_ch2_CGATGGCTCGCACGAC-1
CGCAGGTTCACCTTGC-1,ch_ch2_CGCAGGTTCACCTTGC-1
CGCCAGAGTGTCTAAC-1,ch_ch2_CGCCAGAGTGTCTAAC-1
CGCGTGAAGCGATGGT-1,ch_ch2_CGCGTGAAGCGATGGT-1
CGGAACCCAGACATCT-1,ch_ch2_CGGAACCCAGACATCT-1
CGGAATTGTAGTCGTT-1,ch_ch2_CGGAATTGTAGTCGTT-1
CGGGACTTCTGCGGGT-1,ch_ch2_CGGGACTTCTGCGGGT-1
CGGGTGTTCGAGATAA-1,ch_ch2_CGGGTGTTCGAGATAA-1
CGTAAGTGTCAATCTG-1,ch_ch2_CGTAAGTGTCAATCTG-1
CGTAATGCAGAAATCA-1,ch_ch2_CGTAATGCAGAAATCA-1
CGTAGTAGTCCGAAAG-1,ch_ch2_CGTAGTAGTCCGAAAG-1
CGTCCATAGATCCGAG-1,ch_ch2_CGTCCATAGATCCGAG-1
CGTCCATAGCGATGCA-1,ch_ch2_CGTCCATAGCGATGCA-1
CGTGATATCTGTGCGG-1,ch_ch2_CGTGATATCTGTGCGG-1
CGTTGGGCAGGCTACC-1,ch_ch2_CGTTGGGCAGGCTACC-1
CGTTGGGCATAGAATG-1,ch_ch2_CGTTGGGCATAGAATG-1
CTAACCCAGATTGCGG-1,ch_ch2_CTAACCCAGATTGCGG-1
CTACAGAAGGTTCACT-1,ch_ch2_CTACAGAAGGTTCACT-1
CTACAGACAGCTAACT-1,ch_ch2_CTACAGACAGCTAACT-1
CTACAGATCAACACGT-1,ch_ch2_CTACAGATCAACACGT-1
CTACATTAGGTTACCT-1,ch_ch2_CTACATTAGGTTACCT-1
CTAGGTATCATCGGGC-1,ch_ch2_CTAGGTATCATCGGGC-1
CTAGGTATCGATTTCT-1,ch_ch2_CTAGGTATCGATTTCT-1
CTATAGGTCAACCTTT-1,ch_ch2_CTATAGGTCAACCTTT-1
CTATAGGTCGGACTGC-1,ch_ch2_CTATAGGTCGGACTGC-1
CTATCTAGTCCCGTGA-1,ch_ch2_CTATCTAGTCCCGTGA-1
CTCACTGTCTTCCCGA-1,ch_ch2_CTCACTGTCTTCCCGA-1
CTCAGGGAGAGGGCGA-1,ch_ch2_CTCAGGGAGAGGGCGA-1
CTCAGGGGTCGACTTA-1,ch_ch2_CTCAGGGGTCGACTTA-1
CTCAGGGGTCTGTAAC-1,ch_ch2_CTCAGGGGTCTGTAAC-1
CTCCACAAGATGGCAC-1,ch_ch2_CTCCACAAGATGGCAC-1
CTCCACACATCATGAC-1,ch_ch2_CTCCACACATCATGAC-1
CTCCATGGTCACCGCA-1,ch_ch2_CTCCATGGTCACCGCA-1
CTCCCAACATACAGCT-1,ch_ch2_CTCCCAACATACAGCT-1
CTCGAGGCAGGCCTGT-1,ch_ch2_CTCGAGGCAGGCCTGT-1
CTCGAGGTCCGCACGA-1,ch_ch2_CTCGAGGTCCGCACGA-1
CTGAATGAGCTTCATG-1,ch_ch2_CTGAATGAGCTTCATG-1
CTGAATGCATATGGCT-1,ch_ch2_CTGAATGCATATGGCT-1
CTGCCATAGGCCTAAG-1,ch_ch2_CTGCCATAGGCCTAAG-1
CTGCCATTCGAGAATA-1,ch_ch2_CTGCCATTCGAGAATA-1
CTGGCAGAGAGCAGCT-1,ch_ch2_CTGGCAGAGAGCAGCT-1
CTGGTCTAGTCACTGT-1,ch_ch2_CTGGTCTAGTCACTGT-1
CTGGTCTGTACGACTT-1,ch_ch2_CTGGTCTGTACGACTT-1
CTGGTCTGTATGGTAA-1,ch_ch2_CTGGTCTGTATGGTAA-1
CTGTACCAGTTCCAGT-1,ch_ch2_CTGTACCAGTTCCAGT-1
CTTACCGAGAGAGCGG-1,ch_ch2_CTTACCGAGAGAGCGG-1
CTTCCGAAGGCTCTAT-1,ch_ch2_CTTCCGAAGGCTCTAT-1
CTTGATTAGTCACAGG-1,ch_ch2_CTTGATTAGTCACAGG-1
GAACACTAGCCGTCGT-1,ch_ch2_GAACACTAGCCGTCGT-1
GAACGTTCAATGAGCG-1,ch_ch2_GAACGTTCAATGAGCG-1
GAAGAATCAGCTGTAT-1,ch_ch2_GAAGAATCAGCTGTAT-1
GAAGAATGTGCCTATA-1,ch_ch2_GAAGAATGTGCCTATA-1
GAAGCGACAACGACAG-1,ch_ch2_GAAGCGACAACGACAG-1
GAAGCGACAGAGAGGG-1,ch_ch2_GAAGCGACAGAGAGGG-1
GAAGGGTTCTTGCAAG-1,ch_ch2_GAAGGGTTCTTGCAAG-1
GAAGTAAGTGTTCAGT-1,ch_ch2_GAAGTAAGTGTTCAGT-1
GAAGTAATCCGCAACG-1,ch_ch2_GAAGTAATCCGCAACG-1
GAATAGACACCCTTGT-1,ch_ch2_GAATAGACACCCTTGT-1
GAATAGAGTAAGCTCT-1,ch_ch2_GAATAGAGTAAGCTCT-1
GACACGCGTAAGGCCA-1,ch_ch2_GACACGCGTAAGGCCA-1
GACACGCGTTGCCTAA-1,ch_ch2_GACACGCGTTGCCTAA-1
GACCAATGTGGCTAGA-1,ch_ch2_GACCAATGTGGCTAGA-1
GACCCAGAGCACACAG-1,ch_ch2_GACCCAGAGCACACAG-1
GACCCTTAGTCTAGAA-1,ch_ch2_GACCCTTAGTCTAGAA-1
GACCGTGCACCTATCC-1,ch_ch2_GACCGTGCACCTATCC-1
GACCTTCAGCCTAGGA-1,ch_ch2_GACCTTCAGCCTAGGA-1
GACGCTGAGAGCTGAC-1,ch_ch2_GACGCTGAGAGCTGAC-1
GACGTTAGTCAAAGCG-1,ch_ch2_GACGTTAGTCAAAGCG-1
GAGACCCAGAGCAGAA-1,ch_ch2_GAGACCCAGAGCAGAA-1
GAGAGGTGTTAAGACA-1,ch_ch2_GAGAGGTGTTAAGACA-1
GAGCCTGGTTGGGACA-1,ch_ch2_GAGCCTGGTTGGGACA-1
GAGCCTGTCGTTGCCT-1,ch_ch2_GAGCCTGTCGTTGCCT-1
GAGGCCTCAGACCTAT-1,ch_ch2_GAGGCCTCAGACCTAT-1
GAGGCCTTCAGGTAAA-1,ch_ch2_GAGGCCTTCAGGTAAA-1
GAGTCTAAGGTTGACG-1,ch_ch2_GAGTCTAAGGTTGACG-1
GAGTGTTGTTACCGTA-1,ch_ch2_GAGTGTTGTTACCGTA-1
GAGTTGTTCAACGCTA-1,ch_ch2_GAGTTGTTCAACGCTA-1
GAGTTTGAGCACCGAA-1,ch_ch2_GAGTTTGAGCACCGAA-1
GATAGCTGTTTGACAC-1,ch_ch2_GATAGCTGTTTGACAC-1
GATCATGAGTCTCCTC-1,ch_ch2_GATCATGAGTCTCCTC-1
GATCATGGTTGAATCC-1,ch_ch2_GATCATGGTTGAATCC-1
GATCCCTGTGATGAAT-1,ch_ch2_GATCCCTGTGATGAAT-1
GATGGAGGTACATACC-1,ch_ch2_GATGGAGGTACATACC-1
GATGTTGCAGGCGAAT-1,ch_ch2_GATGTTGCAGGCGAAT-1
GATGTTGCATTGCTTT-1,ch_ch2_GATGTTGCATTGCTTT-1
GATTCGACACAAATGA-1,ch_ch2_GATTCGACACAAATGA-1
GATTCTTAGATCCCGC-1,ch_ch2_GATTCTTAGATCCCGC-1
GATTGGTAGTAGACAT-1,ch_ch2_GATTGGTAGTAGACAT-1
GCACGTGCAAGACCTT-1,ch_ch2_GCACGTGCAAGACCTT-1
GCACTAAGTTATTCTC-1,ch_ch2_GCACTAAGTTATTCTC-1
GCAGGCTAGGGAGGGT-1,ch_ch2_GCAGGCTAGGGAGGGT-1
GCAGGCTCATCATTTC-1,ch_ch2_GCAGGCTCATCATTTC-1
GCAGTTACATTACGGT-1,ch_ch2_GCAGTTACATTACGGT-1
GCAGTTATCCCTCGTA-1,ch_ch2_GCAGTTATCCCTCGTA-1
GCATCGGCAGCTACCG-1,ch_ch2_GCATCGGCAGCTACCG-1
GCATCGGTCGTAATGC-1,ch_ch2_GCATCGGTCGTAATGC-1
GCATCTCTCATGTCAG-1,ch_ch2_GCATCTCTCATGTCAG-1
GCATGATCATTATGCG-1,ch_ch2_GCATGATCATTATGCG-1
GCATGATTCACTACTT-1,ch_ch2_GCATGATTCACTACTT-1
GCCATGGCAAATGAGT-1,ch_ch2_GCCATGGCAAATGAGT-1
GCCATGGCAAGTCGTT-1,ch_ch2_GCCATGGCAAGTCGTT-1
GCCATTCGTGTCCACG-1,ch_ch2_GCCATTCGTGTCCACG-1
GCCCGAACACTCCCTA-1,ch_ch2_GCCCGAACACTCCCTA-1
GCCCGAACATGGAAGC-1,ch_ch2_GCCCGAACATGGAAGC-1
GCCTGTTTCAATCTCT-1,ch_ch2_GCCTGTTTCAATCTCT-1
GCGGAAATCCAACCGG-1,ch_ch2_GCGGAAATCCAACCGG-1
GCGGAAATCGACGATT-1,ch_ch2_GCGGAAATCGACGATT-1
GCGTGCAAGAGTTGCG-1,ch_ch2_GCGTGCAAGAGTTGCG-1
GCGTGCAGTACTTCCC-1,ch_ch2_GCGTGCAGTACTTCCC-1
GCGTGCAGTAGCTAAA-1,ch_ch2_GCGTGCAGTAGCTAAA-1
GCGTGCATCGCTAGCG-1,ch_ch2_GCGTGCATCGCTAGCG-1
GCGTGCATCTGGGAGA-1,ch_ch2_GCGTGCATCTGGGAGA-1
GCTACAAAGACCATTC-1,ch_ch2_GCTACAAAGACCATTC-1
GCTACAATCACGATAC-1,ch_ch2_GCTACAATCACGATAC-1
GCTCAAATCACTGGTA-1,ch_ch2_GCTCAAATCACTGGTA-1
GCTGAATAGGAGGCAG-1,ch_ch2_GCTGAATAGGAGGCAG-1
GCTTCACGTCTGATAC-1,ch_ch2_GCTTCACGTCTGATAC-1
GGAAGTGCATTGAAGA-1,ch_ch2_GGAAGTGCATTGAAGA-1
GGAAGTGTCACAACCA-1,ch_ch2_GGAAGTGTCACAACCA-1
GGAATGGCACCTGAAT-1,ch_ch2_GGAATGGCACCTGAAT-1
GGAGAACCATCCGGTG-1,ch_ch2_GGAGAACCATCCGGTG-1
GGAGATGAGACGTCGA-1,ch_ch2_GGAGATGAGACGTCGA-1
GGAGATGGTTGGAGGT-1,ch_ch2_GGAGATGGTTGGAGGT-1
GGAGCAAAGGGTCACA-1,ch_ch2_GGAGCAAAGGGTCACA-1
GGAGCAACAAAGTGTA-1,ch_ch2_GGAGCAACAAAGTGTA-1
GGAGGATGTTCCTAAG-1,ch_ch2_GGAGGATGTTCCTAAG-1
GGAGGTAAGGGATCGT-1,ch_ch2_GGAGGTAAGGGATCGT-1
GGATCTAGTGAATATG-1,ch_ch2_GGATCTAGTGAATATG-1
GGCAGTCTCGAGAAAT-1,ch_ch2_GGCAGTCTCGAGAAAT-1
GGGAAGTCAGAACTAA-1,ch_ch2_GGGAAGTCAGAACTAA-1
GGGAGTAAGCCATGCC-1,ch_ch2_GGGAGTAAGCCATGCC-1
GGGCGTTAGATGAACT-1,ch_ch2_GGGCGTTAGATGAACT-1
GGGCGTTGTCGTATTG-1,ch_ch2_GGGCGTTGTCGTATTG-1
GGGCTCAGTCTGTGTA-1,ch_ch2_GGGCTCAGTCTGTGTA-1
GGGTAGAAGAATCCCT-1,ch_ch2_GGGTAGAAGAATCCCT-1
GGGTATTAGTCGGCAA-1,ch_ch2_GGGTATTAGTCGGCAA-1
GGGTCTGGTCGGCACT-1,ch_ch2_GGGTCTGGTCGGCACT-1
GGGTTATAGCGACCCT-1,ch_ch2_GGGTTATAGCGACCCT-1
GGTAGAGGTGTGCTTA-1,ch_ch2_GGTAGAGGTGTGCTTA-1
GGTGAAGGTACACGTT-1,ch_ch2_GGTGAAGGTACACGTT-1
GGTGAAGTCCGAAATC-1,ch_ch2_GGTGAAGTCCGAAATC-1
GGTGGCTAGACATATG-1,ch_ch2_GGTGGCTAGACATATG-1
GGTGGCTCATGGGTCC-1,ch_ch2_GGTGGCTCATGGGTCC-1
GGTGTCGGTTATCCAG-1,ch_ch2_GGTGTCGGTTATCCAG-1
GGTTAACAGTAATCCC-1,ch_ch2_GGTTAACAGTAATCCC-1
GTAATCGCATAACTCG-1,ch_ch2_GTAATCGCATAACTCG-1
GTAATGCCAGATCCTA-1,ch_ch2_GTAATGCCAGATCCTA-1
GTAATGCTCTACCACC-1,ch_ch2_GTAATGCTCTACCACC-1
GTAGAGGAGGTAGTCG-1,ch_ch2_GTAGAGGAGGTAGTCG-1
GTAGAGGTCATTGCTT-1,ch_ch2_GTAGAGGTCATTGCTT-1
GTAGATCGTCTGATCA-1,ch_ch2_GTAGATCGTCTGATCA-1
GTAGCTAGTGTTGCCG-1,ch_ch2_GTAGCTAGTGTTGCCG-1
GTAGGTTAGAGCCTGA-1,ch_ch2_GTAGGTTAGAGCCTGA-1
GTCAGCGGTGGCTTAT-1,ch_ch2_GTCAGCGGTGGCTTAT-1
GTCATCCAGGAGCAAA-1,ch_ch2_GTCATCCAGGAGCAAA-1
GTCATTTCATTAAGCC-1,ch_ch2_GTCATTTCATTAAGCC-1
GTCATTTTCCTGGGTG-1,ch_ch2_GTCATTTTCCTGGGTG-1
GTCCTCAAGATTGCGG-1,ch_ch2_GTCCTCAAGATTGCGG-1
GTCGAATCATCCTTCG-1,ch_ch2_GTCGAATCATCCTTCG-1
GTCTAGAGTGCAGTGA-1,ch_ch2_GTCTAGAGTGCAGTGA-1
GTCTCACTCCATGATG-1,ch_ch2_GTCTCACTCCATGATG-1
GTGACGCAGGGAGTGG-1,ch_ch2_GTGACGCAGGGAGTGG-1
GTGAGGAGTTCATCTT-1,ch_ch2_GTGAGGAGTTCATCTT-1
GTGATGTAGGGATCAC-1,ch_ch2_GTGATGTAGGGATCAC-1
GTGCAGCTCCAATCTT-1,ch_ch2_GTGCAGCTCCAATCTT-1
GTGCTGGAGTGCAGCA-1,ch_ch2_GTGCTGGAGTGCAGCA-1
GTGGAAGGTTGACTGT-1,ch_ch2_GTGGAAGGTTGACTGT-1
GTGGGAAAGGATCACG-1,ch_ch2_GTGGGAAAGGATCACG-1
GTGGGAACAGGCTATT-1,ch_ch2_GTGGGAACAGGCTATT-1
GTGTAACCAGTACTAC-1,ch_ch2_GTGTAACCAGTACTAC-1
GTGTGGCTCGTAGTCA-1,ch_ch2_GTGTGGCTCGTAGTCA-1
GTGTTCCTCCATCCGT-1,ch_ch2_GTGTTCCTCCATCCGT-1
GTTACGATCTTACGTT-1,ch_ch2_GTTACGATCTTACGTT-1
GTTAGACCATGTGCTA-1,ch_ch2_GTTAGACCATGTGCTA-1
GTTCCGTAGTCCGCGT-1,ch_ch2_GTTCCGTAGTCCGCGT-1
GTTGCTCCACATTCTT-1,ch_ch2_GTTGCTCCACATTCTT-1
GTTGTGAGTCCTTTGC-1,ch_ch2_GTTGTGAGTCCTTTGC-1
GTTGTGATCGTTCTGC-1,ch_ch2_GTTGTGATCGTTCTGC-1
TAACGACGTAGACACG-1,ch_ch2_TAACGACGTAGACACG-1
TAACTTCCATGGTACT-1,ch_ch2_TAACTTCCATGGTACT-1
TAAGCACAGAGTTGTA-1,ch_ch2_TAAGCACAGAGTTGTA-1
TAAGCACGTCCGAAGA-1,ch_ch2_TAAGCACGTCCGAAGA-1
TAAGCCACATTGCAAC-1,ch_ch2_TAAGCCACATTGCAAC-1
TACACCCGTAGTGCGA-1,ch_ch2_TACACCCGTAGTGCGA-1
TACAGGTTCTTCCAGC-1,ch_ch2_TACAGGTTCTTCCAGC-1
TACGCTCAGGTAGCAC-1,ch_ch2_TACGCTCAGGTAGCAC-1
TACGGTAGTTAAAGTG-1,ch_ch2_TACGGTAGTTAAAGTG-1
TACGTCCAGGACAACC-1,ch_ch2_TACGTCCAGGACAACC-1
TACTGCCAGCCAGAGT-1,ch_ch2_TACTGCCAGCCAGAGT-1
TACTTGTAGCTGTTCA-1,ch_ch2_TACTTGTAGCTGTTCA-1
TAGACCAAGAAGTATC-1,ch_ch2_TAGACCAAGAAGTATC-1
TAGACTGAGAGGTATT-1,ch_ch2_TAGACTGAGAGGTATT-1
TAGATCGTCAAGATAG-1,ch_ch2_TAGATCGTCAAGATAG-1
TAGGTACGTCCTTAAG-1,ch_ch2_TAGGTACGTCCTTAAG-1
TATATCCCAGCTGGTC-1,ch_ch2_TATATCCCAGCTGGTC-1
TATCCTAGTAGGAAAG-1,ch_ch2_TATCCTAGTAGGAAAG-1
TATCGCCTCAGCTAGT-1,ch_ch2_TATCGCCTCAGCTAGT-1
TATCTGTCACGGCCAT-1,ch_ch2_TATCTGTCACGGCCAT-1
TATCTTGCAGTGTACT-1,ch_ch2_TATCTTGCAGTGTACT-1
TATTCCAGTACCGTCG-1,ch_ch2_TATTCCAGTACCGTCG-1
TATTGCTGTGGATCAG-1,ch_ch2_TATTGCTGTGGATCAG-1
TCAAGCAAGAGTTGAT-1,ch_ch2_TCAAGCAAGAGTTGAT-1
TCAATTCTCTACTGCC-1,ch_ch2_TCAATTCTCTACTGCC-1
TCACAAGAGGAATGTT-1,ch_ch2_TCACAAGAGGAATGTT-1
TCACACCAGACTGTTC-1,ch_ch2_TCACACCAGACTGTTC-1
TCACACCTCGTTCCTG-1,ch_ch2_TCACACCTCGTTCCTG-1
TCACATTAGCTACTGT-1,ch_ch2_TCACATTAGCTACTGT-1
TCACGCTCAGCAGTGA-1,ch_ch2_TCACGCTCAGCAGTGA-1
TCACGCTGTAATCAAG-1,ch_ch2_TCACGCTGTAATCAAG-1
TCACGGGAGAGTCCGA-1,ch_ch2_TCACGGGAGAGTCCGA-1
TCACTATAGCACACAG-1,ch_ch2_TCACTATAGCACACAG-1
TCACTATGTTCTCACC-1,ch_ch2_TCACTATGTTCTCACC-1
TCACTCGGTCGTTATG-1,ch_ch2_TCACTCGGTCGTTATG-1
TCAGCAACAACTTGCA-1,ch_ch2_TCAGCAACAACTTGCA-1
TCAGCCTCAGACAATA-1,ch_ch2_TCAGCCTCAGACAATA-1
TCAGGGCGTAGCTAAA-1,ch_ch2_TCAGGGCGTAGCTAAA-1
TCAGGTAGTCTAGTGT-1,ch_ch2_TCAGGTAGTCTAGTGT-1
TCAGTCCAGACAAGCC-1,ch_ch2_TCAGTCCAGACAAGCC-1
TCAGTCCAGACCTTTG-1,ch_ch2_TCAGTCCAGACCTTTG-1
TCAGTCCCATTACTCT-1,ch_ch2_TCAGTCCCATTACTCT-1
TCATACTCACCTCAGG-1,ch_ch2_TCATACTCACCTCAGG-1
TCATACTGTATACGGG-1,ch_ch2_TCATACTGTATACGGG-1
TCATCATGTGAGTGAC-1,ch_ch2_TCATCATGTGAGTGAC-1
TCATGCCCAGCACAAG-1,ch_ch2_TCATGCCCAGCACAAG-1
TCATGTTTCCCATAAG-1,ch_ch2_TCATGTTTCCCATAAG-1
TCCACCACACTTGGGC-1,ch_ch2_TCCACCACACTTGGGC-1
TCCACCACATCGAGCC-1,ch_ch2_TCCACCACATCGAGCC-1
TCCAGAAAGGTCGCCT-1,ch_ch2_TCCAGAAAGGTCGCCT-1
TCCAGAACACAAAGTA-1,ch_ch2_TCCAGAACACAAAGTA-1
TCCATCGCAGCGACCT-1,ch_ch2_TCCATCGCAGCGACCT-1
TCCCACACATTCTGTT-1,ch_ch2_TCCCACACATTCTGTT-1
TCCCACATCCATGCAA-1,ch_ch2_TCCCACATCCATGCAA-1
TCCCATGCAACGGTAG-1,ch_ch2_TCCCATGCAACGGTAG-1
TCCTAATAGAGAGAAC-1,ch_ch2_TCCTAATAGAGAGAAC-1
TCCTCGAGTTACGTAC-1,ch_ch2_TCCTCGAGTTACGTAC-1
TCGAACAAGCGATGGT-1,ch_ch2_TCGAACAAGCGATGGT-1
TCGACCTCACCTTCGT-1,ch_ch2_TCGACCTCACCTTCGT-1
TCGACCTGTAGGTGCA-1,ch_ch2_TCGACCTGTAGGTGCA-1
TCGCAGGAGTGCAACG-1,ch_ch2_TCGCAGGAGTGCAACG-1
TCGGATACACCCGTAG-1,ch_ch2_TCGGATACACCCGTAG-1
TCGGATAGTCCTTGTC-1,ch_ch2_TCGGATAGTCCTTGTC-1
TCGGGCACAACCTATG-1,ch_ch2_TCGGGCACAACCTATG-1
TCGGGTGCATCATGAC-1,ch_ch2_TCGGGTGCATCATGAC-1
TCGGTCTAGCTCCGAC-1,ch_ch2_TCGGTCTAGCTCCGAC-1
TCGTGGGAGGCCTAAG-1,ch_ch2_TCGTGGGAGGCCTAAG-1
TCTAACTAGCATCGAG-1,ch_ch2_TCTAACTAGCATCGAG-1
TCTACATGTTAAGAAC-1,ch_ch2_TCTACATGTTAAGAAC-1
TCTATACTCCGTTTCG-1,ch_ch2_TCTATACTCCGTTTCG-1
TCTATCAAGGGCAGGA-1,ch_ch2_TCTATCAAGGGCAGGA-1
TCTATCATCAAAGCCT-1,ch_ch2_TCTATCATCAAAGCCT-1
TCTCACGAGGTTCCAT-1,ch_ch2_TCTCACGAGGTTCCAT-1
TCTCACGGTAGTGATA-1,ch_ch2_TCTCACGGTAGTGATA-1
TCTCCGAGTGCCTTCT-1,ch_ch2_TCTCCGAGTGCCTTCT-1
TCTTGCGGTCAAACGG-1,ch_ch2_TCTTGCGGTCAAACGG-1
TGACCCTCATGAATAG-1,ch_ch2_TGACCCTCATGAATAG-1
TGACTCCGTCATCTAG-1,ch_ch2_TGACTCCGTCATCTAG-1
TGAGACTGTATAGGGC-1,ch_ch2_TGAGACTGTATAGGGC-1
TGAGACTGTTATGTCG-1,ch_ch2_TGAGACTGTTATGTCG-1
TGAGACTTCCGTGTAA-1,ch_ch2_TGAGACTTCCGTGTAA-1
TGAGACTTCCTTATAC-1,ch_ch2_TGAGACTTCCTTATAC-1
TGAGCGCGTTTGCAGT-1,ch_ch2_TGAGCGCGTTTGCAGT-1
TGAGGAGGTCAGGTGA-1,ch_ch2_TGAGGAGGTCAGGTGA-1
TGATCAGGTAACTGCT-1,ch_ch2_TGATCAGGTAACTGCT-1
TGATGCAAGGTAAGGA-1,ch_ch2_TGATGCAAGGTAAGGA-1
TGATGGTGTAGTAAGT-1,ch_ch2_TGATGGTGTAGTAAGT-1
TGATTTCGTCCCGCAA-1,ch_ch2_TGATTTCGTCCCGCAA-1
TGCAGGCAGTGATTCC-1,ch_ch2_TGCAGGCAGTGATTCC-1
TGCAGGCTCTCGGGAC-1,ch_ch2_TGCAGGCTCTCGGGAC-1
TGCATGATCAAGTTGC-1,ch_ch2_TGCATGATCAAGTTGC-1
TGCGGCAGTTACCTTT-1,ch_ch2_TGCGGCAGTTACCTTT-1
TGCGGGTCACTTGAAC-1,ch_ch2_TGCGGGTCACTTGAAC-1
TGCGGGTGTACGCGTC-1,ch_ch2_TGCGGGTGTACGCGTC-1
TGCTCCAGTACTCCGG-1,ch_ch2_TGCTCCAGTACTCCGG-1
TGCTCGTCACCGCTGA-1,ch_ch2_TGCTCGTCACCGCTGA-1
TGCTCGTGTATCACCA-1,ch_ch2_TGCTCGTGTATCACCA-1
TGCTCGTGTCCGTTTC-1,ch_ch2_TGCTCGTGTCCGTTTC-1
TGCTTCGCAGTGGTGA-1,ch_ch2_TGCTTCGCAGTGGTGA-1
TGCTTCGGTCAGGAGT-1,ch_ch2_TGCTTCGGTCAGGAGT-1
TGGAACTCACCAGCTG-1,ch_ch2_TGGAACTCACCAGCTG-1
TGGAACTCAGTTGCGC-1,ch_ch2_TGGAACTCAGTTGCGC-1
TGGATCAGTCAGTTTG-1,ch_ch2_TGGATCAGTCAGTTTG-1
TGGATGTCATCAGTCA-1,ch_ch2_TGGATGTCATCAGTCA-1
TGGGAAGTCATTTCCA-1,ch_ch2_TGGGAAGTCATTTCCA-1
TGGGAAGTCGACGCGT-1,ch_ch2_TGGGAAGTCGACGCGT-1
TGGGAGAAGATGTTAG-1,ch_ch2_TGGGAGAAGATGTTAG-1
TGGGATTAGTGAGTGC-1,ch_ch2_TGGGATTAGTGAGTGC-1
TGGGATTCATCATCTT-1,ch_ch2_TGGGATTCATCATCTT-1
TGGGATTGTCACTCGG-1,ch_ch2_TGGGATTGTCACTCGG-1
TGGGTTAGTACCGTCG-1,ch_ch2_TGGGTTAGTACCGTCG-1
TGGGTTAGTAGGCAGT-1,ch_ch2_TGGGTTAGTAGGCAGT-1
TGGTACACAGGTTCAT-1,ch_ch2_TGGTACACAGGTTCAT-1
TGGTAGTTCTAGTGTG-1,ch_ch2_TGGTAGTTCTAGTGTG-1
TGGTGATAGATGCTGG-1,ch_ch2_TGGTGATAGATGCTGG-1
TGGTGATCACTGAATC-1,ch_ch2_TGGTGATCACTGAATC-1
TGTAACGCACGTCGTG-1,ch_ch2_TGTAACGCACGTCGTG-1
TGTAACGTCTTAGCTT-1,ch_ch2_TGTAACGTCTTAGCTT-1
TGTAAGCAGCTAAGTA-1,ch_ch2_TGTAAGCAGCTAAGTA-1
TGTAAGCCACGGCACT-1,ch_ch2_TGTAAGCCACGGCACT-1
TGTACAGCAAGAGCTG-1,ch_ch2_TGTACAGCAAGAGCTG-1
TGTACAGTCCGTGTCT-1,ch_ch2_TGTACAGTCCGTGTCT-1
TGTAGACAGAGAGGGC-1,ch_ch2_TGTAGACAGAGAGGGC-1
TGTAGACAGCCTCAGC-1,ch_ch2_TGTAGACAGCCTCAGC-1
TGTCCCACATGGAATA-1,ch_ch2_TGTCCCACATGGAATA-1
TGTGATGAGCGAGTAC-1,ch_ch2_TGTGATGAGCGAGTAC-1
TGTGCGGAGCTGACTT-1,ch_ch2_TGTGCGGAGCTGACTT-1
TGTGCGGAGTACTGGG-1,ch_ch2_TGTGCGGAGTACTGGG-1
TGTGCGGTCTTAATCC-1,ch_ch2_TGTGCGGTCTTAATCC-1
TGTGGCGTCTTCTTCC-1,ch_ch2_TGTGGCGTCTTCTTCC-1
TGTGTGAAGTACTCGT-1,ch_ch2_TGTGTGAAGTACTCGT-1
TGTTACTAGTGCAGGT-1,ch_ch2_TGTTACTAGTGCAGGT-1
TGTTCATGTCCGTTTC-1,ch_ch2_TGTTCATGTCCGTTTC-1
TGTTGAGGTTCTGAGT-1,ch_ch2_TGTTGAGGTTCTGAGT-1
TGTTTGTGTAGCGCTC-1,ch_ch2_TGTTTGTGTAGCGCTC-1
TTAATCCGTGCAGATG-1,ch_ch2_TTAATCCGTGCAGATG-1
TTACAGGGTTCGAAGG-1,ch_ch2_TTACAGGGTTCGAAGG-1
TTACGCCTCAACTGAC-1,ch_ch2_TTACGCCTCAACTGAC-1
TTAGGGTGTTTAGTCG-1,ch_ch2_TTAGGGTGTTTAGTCG-1
TTATTGCCAAGCTGTT-1,ch_ch2_TTATTGCCAAGCTGTT-1
TTCAATCAGTTCGCAT-1,ch_ch2_TTCAATCAGTTCGCAT-1
TTCCAATGTGATAGAT-1,ch_ch2_TTCCAATGTGATAGAT-1
TTCCACGGTGCAACAG-1,ch_ch2_TTCCACGGTGCAACAG-1
TTCCGGTAGCAATAAC-1,ch_ch2_TTCCGGTAGCAATAAC-1
TTCCGGTAGTCCTGTA-1,ch_ch2_TTCCGGTAGTCCTGTA-1
TTCCGTGCAGAACTAA-1,ch_ch2_TTCCGTGCAGAACTAA-1
TTCCTCTGTCATAGTC-1,ch_ch2_TTCCTCTGTCATAGTC-1
TTCCTTCAGACGGATC-1,ch_ch2_TTCCTTCAGACGGATC-1
TTCCTTCGTTCGGCCA-1,ch_ch2_TTCCTTCGTTCGGCCA-1
TTCGGTCCACGAAGAC-1,ch_ch2_TTCGGTCCACGAAGAC-1
TTCTAGTGTGACAGCA-1,ch_ch2_TTCTAGTGTGACAGCA-1
TTCTAGTTCGGCCTTT-1,ch_ch2_TTCTAGTTCGGCCTTT-1
TTCTCTCTCGGTCTAA-1,ch_ch2_TTCTCTCTCGGTCTAA-1
TTCTGTAAGTGACACG-1,ch_ch2_TTCTGTAAGTGACACG-1
TTCTGTATCCACGTCT-1,ch_ch2_TTCTGTATCCACGTCT-1
TTCTTCCAGGTCACAG-1,ch_ch2_TTCTTCCAGGTCACAG-1
TTGCCTGGTGGCAACA-1,ch_ch2_TTGCCTGGTGGCAACA-1
TTGCGTCTCTCATGCC-1,ch_ch2_TTGCGTCTCTCATGCC-1
TTGGATGCACTGCGTG-1,ch_ch2_TTGGATGCACTGCGTG-1
TTGGGCGCAGTATGAA-1,ch_ch2_TTGGGCGCAGTATGAA-1
TTGGGTAGTATGCGTT-1,ch_ch2_TTGGGTAGTATGCGTT-1
TTGGTTTGTGCCTAAT-1,ch_ch2_TTGGTTTGTGCCTAAT-1
TTGTTGTTCGACATCA-1,ch_ch2_TTGTTGTTCGACATCA-1
TTTAGTCCACAAGCAG-1,ch_ch2_TTTAGTCCACAAGCAG-1
TTTAGTCTCCGTGTCT-1,ch_ch2_TTTAGTCTCCGTGTCT-1
TTTATGCGTATGGTAA-1,ch_ch2_TTTATGCGTATGGTAA-1
TTTCCTCGTTAGCGGA-1,ch_ch2_TTTCCTCGTTAGCGGA-1
TTTCCTCGTTATGTGC-1,ch_ch2_TTTCCTCGTTATGTGC-1
TTTGGTTCACACCAGC-1,ch_ch2_TTTGGTTCACACCAGC-1
TTTGGTTCATGAGAAT-1,ch_ch2_TTTGGTTCATGAGAAT-1
TTTGGTTTCATCGGGC-1,ch_ch2_TTTGGTTTCATCGGGC-1
TTTGTTGTCATGAGTC-1,ch_ch2_TTTGTTGTCATGAGTC-1