pc6_shared,V2
AAAGGGCAGGGTTGCA-1,pc_pc2_AAAGGGCAGGGTTGCA-1
AAAGGGCGTCCGGACT-1,pc_pc2_AAAGGGCGTCCGGACT-1
AAAGTCCGTTAGGGAC-1,pc_pc2_AAAGTCCGTTAGGGAC-1
AACAAAGAGCTAGCCC-1,pc_pc2_AACAAAGAGCTAGCCC-1
AACAAAGGTTAGAAAC-1,pc_pc2_AACAAAGGTTAGAAAC-1
AACCACACAGTGTACT-1,pc_pc2_AACCACACAGTGTACT-1
AACCATGGTGAGTAAT-1,pc_pc2_AACCATGGTGAGTAAT-1
AACCATGTCAAAGGTA-1,pc_pc2_AACCATGTCAAAGGTA-1
AACGAAAAGGGCAGTT-1,pc_pc2_AACGAAAAGGGCAGTT-1
AACGAAACAGATTCGT-1,pc_pc2_AACGAAACAGATTCGT-1
AACGAAATCTCTCTAA-1,pc_pc2_AACGAAATCTCTCTAA-1
AACGGGATCTTCCGTG-1,pc_pc2_AACGGGATCTTCCGTG-1
AACGTCATCTATACTC-1,pc_pc2_AACGTCATCTATACTC-1
AACTTCTGTTCAAGTC-1,pc_pc2_AACTTCTGTTCAAGTC-1
AACTTCTTCCGTTTCG-1,pc_pc2_AACTTCTTCCGTTTCG-1
AAGACAAAGGAAAGAC-1,pc_pc2_AAGACAAAGGAAAGAC-1
AAGACAACAGCGCTTG-1,pc_pc2_AAGACAACAGCGCTTG-1
AAGACAATCGCTAATG-1,pc_pc2_AAGACAATCGCTAATG-1
AAGACAATCTCTGCTG-1,pc_pc2_AAGACAATCTCTGCTG-1
AAGACTCTCAGGGATG-1,pc_pc2_AAGACTCTCAGGGATG-1
AAGCCATCAGCTGGTC-1,pc_pc2_AAGCCATCAGCTGGTC-1
AAGCCATGTGGGTATG-1,pc_pc2_AAGCCATGTGGGTATG-1
AAGCCATTCCCGAGTG-1,pc_pc2_AAGCCATTCCCGAGTG-1
AAGCGTTTCCGTGGCA-1,pc_pc2_AAGCGTTTCCGTGGCA-1
AAGTCGTCACTTGGCG-1,pc_pc2_AAGTCGTCACTTGGCG-1
AAGTCGTTCGATCCAA-1,pc_pc2_AAGTCGTTCGATCCAA-1
AAGTGAAGTTCGTACA-1,pc_pc2_AAGTGAAGTTCGTACA-1
AATAGAGCAGGTAGTG-1,pc_pc2_AATAGAGCAGGTAGTG-1
AATAGAGTCTATACGG-1,pc_pc2_AATAGAGTCTATACGG-1
AATCACGGTCCAATCA-1,pc_pc2_AATCACGGTCCAATCA-1
AATCGACCAAGACCGA-1,pc_pc2_AATCGACCAAGACCGA-1
AATCGACCACCCTAGG-1,pc_pc2_AATCGACCACCCTAGG-1
AATCGTGCAATGGCCC-1,pc_pc2_AATCGTGCAATGGCCC-1
AATCGTGTCCCGTAAA-1,pc_pc2_AATCGTGTCCCGTAAA-1
AATGACCCAGCAGACA-1,pc_pc2_AATGACCCAGCAGACA-1
AATGGAAGTCATAGTC-1,pc_pc2_AATGGAAGTCATAGTC-1
AATGGAAGTCGCATGC-1,pc_pc2_AATGGAAGTCGCATGC-1
AATGGCTAGATACATG-1,pc_pc2_AATGGCTAGATACATG-1
AATTCCTCATATGAAG-1,pc_pc2_AATTCCTCATATGAAG-1
ACAAAGACAGACCCGT-1,pc_pc2_ACAAAGACAGACCCGT-1
ACAAAGACAGCTGCCA-1,pc_pc2_ACAAAGACAGCTGCCA-1
ACAACCATCGTCCTCA-1,pc_pc2_ACAACCATCGTCCTCA-1
ACAAGCTAGAGATGCC-1,pc_pc2_ACAAGCTAGAGATGCC-1
ACAAGCTCACACCGCA-1,pc_pc2_ACAAGCTCACACCGCA-1
ACACAGTTCGAAGAAT-1,pc_pc2_ACACAGTTCGAAGAAT-1
ACACCAAAGTTAACAG-1,pc_pc2_ACACCAAAGTTAACAG-1
ACAGAAAAGCACTAAA-1,pc_pc2_ACAGAAAAGCACTAAA-1
ACAGCCGGTGTGTTTG-1,pc_pc2_ACAGCCGGTGTGTTTG-1
ACATGCACACGACAAG-1,pc_pc2_ACATGCACACGACAAG-1
ACATTTCCAACTCCCT-1,pc_pc2_ACATTTCCAACTCCCT-1
ACCAACACAGGCAATG-1,pc_pc2_ACCAACACAGGCAATG-1
ACCCAAAGTTCAAAGA-1,pc_pc2_ACCCAAAGTTCAAAGA-1
ACCCTCAAGATTGCGG-1,pc_pc2_ACCCTCAAGATTGCGG-1
ACCCTCATCACCCATC-1,pc_pc2_ACCCTCATCACCCATC-1
ACCCTTGCAGGCATTT-1,pc_pc2_ACCCTTGCAGGCATTT-1
ACCCTTGTCGATACTG-1,pc_pc2_ACCCTTGTCGATACTG-1
ACCGTTCGTAGCGTAG-1,pc_pc2_ACCGTTCGTAGCGTAG-1
ACCTACCAGTAATTGG-1,pc_pc2_ACCTACCAGTAATTGG-1
ACCTACCCATGATAGA-1,pc_pc2_ACCTACCCATGATAGA-1
ACCTGAAAGAAATTCG-1,pc_pc2_ACCTGAAAGAAATTCG-1
ACCTGAAAGGCTATCT-1,pc_pc2_ACCTGAAAGGCTATCT-1
ACGGGTCAGTAGGCCA-1,pc_pc2_ACGGGTCAGTAGGCCA-1
ACGGGTCTCGTTGTGA-1,pc_pc2_ACGGGTCTCGTTGTGA-1
ACGGTTATCCAACACA-1,pc_pc2_ACGGTTATCCAACACA-1
ACGGTTATCTACTCAT-1,pc_pc2_ACGGTTATCTACTCAT-1
ACGTAACAGCTCGGCT-1,pc_pc2_ACGTAACAGCTCGGCT-1
ACGTCCTAGTCACTGT-1,pc_pc2_ACGTCCTAGTCACTGT-1
ACTACGACAGAGTGAC-1,pc_pc2_ACTACGACAGAGTGAC-1
ACTACGAGTATCGCGC-1,pc_pc2_ACTACGAGTATCGCGC-1
ACTATCTGTAGACACG-1,pc_pc2_ACTATCTGTAGACACG-1
ACTATCTTCACCCTGT-1,pc_pc2_ACTATCTTCACCCTGT-1
ACTCCCAAGGTCCTGC-1,pc_pc2_ACTCCCAAGGTCCTGC-1
ACTCCCACAGAGATGC-1,pc_pc2_ACTCCCACAGAGATGC-1
ACTCTCGAGTCCGCCA-1,pc_pc2_ACTCTCGAGTCCGCCA-1
ACTCTCGGTACCTAGT-1,pc_pc2_ACTCTCGGTACCTAGT-1
ACTGCAAAGATAGTGT-1,pc_pc2_ACTGCAAAGATAGTGT-1
ACTTAGGCAAGCTGCC-1,pc_pc2_ACTTAGGCAAGCTGCC-1
ACTTAGGGTACGATCT-1,pc_pc2_ACTTAGGGTACGATCT-1
ACTTCGCAGCTTCGTA-1,pc_pc2_ACTTCGCAGCTTCGTA-1
ACTTTCATCCAAGAGG-1,pc_pc2_ACTTTCATCCAAGAGG-1
ACTTTCATCTACCCAC-1,pc_pc2_ACTTTCATCTACCCAC-1
AGAACAACAGACAAGC-1,pc_pc2_AGAACAACAGACAAGC-1
AGAACAAGTTCGGCTG-1,pc_pc2_AGAACAAGTTCGGCTG-1
AGAACCTTCATTGTGG-1,pc_pc2_AGAACCTTCATTGTGG-1
AGAAGCGCATTCACAG-1,pc_pc2_AGAAGCGCATTCACAG-1
AGAAGCGTCGAAGCAG-1,pc_pc2_AGAAGCGTCGAAGCAG-1
AGAAGTACAGACACAG-1,pc_pc2_AGAAGTACAGACACAG-1
AGACAAAAGACCAAGC-1,pc_pc2_AGACAAAAGACCAAGC-1
AGACACTAGCAACTTC-1,pc_pc2_AGACACTAGCAACTTC-1
AGACACTCAAATGGCG-1,pc_pc2_AGACACTCAAATGGCG-1
AGACACTCAACACAGG-1,pc_pc2_AGACACTCAACACAGG-1
AGACACTTCATTTGCT-1,pc_pc2_AGACACTTCATTTGCT-1
AGACAGGTCACCGACG-1,pc_pc2_AGACAGGTCACCGACG-1
AGAGAATGTCCTTTGC-1,pc_pc2_AGAGAATGTCCTTTGC-1
AGAGAGCCAACACGTT-1,pc_pc2_AGAGAGCCAACACGTT-1
AGAGCCCCAACCGACC-1,pc_pc2_AGAGCCCCAACCGACC-1
AGATAGATCCCTCGTA-1,pc_pc2_AGATAGATCCCTCGTA-1
AGATCCATCACTTATC-1,pc_pc2_AGATCCATCACTTATC-1
AGATCGTAGACATAAC-1,pc_pc2_AGATCGTAGACATAAC-1
AGATGAAAGACGGATC-1,pc_pc2_AGATGAAAGACGGATC-1
AGATGCTCAGAGACTG-1,pc_pc2_AGATGCTCAGAGACTG-1
AGATGCTTCTTACCGC-1,pc_pc2_AGATGCTTCTTACCGC-1
AGCCAATAGCATCAGG-1,pc_pc2_AGCCAATAGCATCAGG-1
AGCCAATCACATAACC-1,pc_pc2_AGCCAATCACATAACC-1
AGCCACGCACACGCCA-1,pc_pc2_AGCCACGCACACGCCA-1
AGCCAGCGTCTACACA-1,pc_pc2_AGCCAGCGTCTACACA-1
AGCGATTGTAGCTCGC-1,pc_pc2_AGCGATTGTAGCTCGC-1
AGCGATTGTGACCTGC-1,pc_pc2_AGCGATTGTGACCTGC-1
AGCGCCATCCCTCTCC-1,pc_pc2_AGCGCCATCCCTCTCC-1
AGCGCTGGTCTTGCTC-1,pc_pc2_AGCGCTGGTCTTGCTC-1
AGCGTATAGCGGATCA-1,pc_pc2_AGCGTATAGCGGATCA-1
AGCGTATCAGACGATG-1,pc_pc2_AGCGTATCAGACGATG-1
AGCGTATGTCACCTTC-1,pc_pc2_AGCGTATGTCACCTTC-1
AGCGTCGCATTATGCG-1,pc_pc2_AGCGTCGCATTATGCG-1
AGCTCAAGTGCTTCAA-1,pc_pc2_AGCTCAAGTGCTTCAA-1
AGCTCAATCACTGAAC-1,pc_pc2_AGCTCAATCACTGAAC-1
AGCTCAATCCATCTGC-1,pc_pc2_AGCTCAATCCATCTGC-1
AGCTTCCCAAATGGAT-1,pc_pc2_AGCTTCCCAAATGGAT-1
AGGAAATTCAAACGTC-1,pc_pc2_AGGAAATTCAAACGTC-1
AGGACGACAGCCTTCT-1,pc_pc2_AGGACGACAGCCTTCT-1
AGGACTTCAGGTGACA-1,pc_pc2_AGGACTTCAGGTGACA-1
AGGATCTGTATCTCGA-1,pc_pc2_AGGATCTGTATCTCGA-1
AGGCATTGTTATAGCC-1,pc_pc2_AGGCATTGTTATAGCC-1
AGGCCACGTTTACACG-1,pc_pc2_AGGCCACGTTTACACG-1
AGGCTGCGTTCCGCAG-1,pc_pc2_AGGCTGCGTTCCGCAG-1
AGGGAGTGTATACCCA-1,pc_pc2_AGGGAGTGTATACCCA-1
AGGGCCTAGCGACTAG-1,pc_pc2_AGGGCCTAGCGACTAG-1
AGGGCTCGTTAGGCTT-1,pc_pc2_AGGGCTCGTTAGGCTT-1
AGGGTTTGTTTAGTCG-1,pc_pc2_AGGGTTTGTTTAGTCG-1
AGGTAGGCACAAGGTG-1,pc_pc2_AGGTAGGCACAAGGTG-1
AGGTAGGCATTGAGCT-1,pc_pc2_AGGTAGGCATTGAGCT-1
AGGTAGGGTTGGAGGT-1,pc_pc2_AGGTAGGGTTGGAGGT-1
AGGTAGGTCCCGTGTT-1,pc_pc2_AGGTAGGTCCCGTGTT-1
AGGTCATGTCTGATAC-1,pc_pc2_AGGTCATGTCTGATAC-1
AGGTCATGTGTCCCTT-1,pc_pc2_AGGTCATGTGTCCCTT-1
AGGTCTAAGAGATCGC-1,pc_pc2_AGGTCTAAGAGATCGC-1
AGGTCTAGTTCTCCAC-1,pc_pc2_AGGTCTAGTTCTCCAC-1
AGGTGTTTCTGAGAGG-1,pc_pc2_AGGTGTTTCTGAGAGG-1
AGGTTGTTCACGAACT-1,pc_pc2_AGGTTGTTCACGAACT-1
AGTAACCTCCGTAGGC-1,pc_pc2_AGTAACCTCCGTAGGC-1
AGTACCACATCCGTTC-1,pc_pc2_AGTACCACATCCGTTC-1
AGTACTGCAGAACCGA-1,pc_pc2_AGTACTGCAGAACCGA-1
AGTACTGCATATAGCC-1,pc_pc2_AGTACTGCATATAGCC-1
AGTAGTCAGAAATTGC-1,pc_pc2_AGTAGTCAGAAATTGC-1
AGTCACAGTTATTCTC-1,pc_pc2_AGTCACAGTTATTCTC-1
AGTCATGAGCTCCATA-1,pc_pc2_AGTCATGAGCTCCATA-1
AGTGACTAGTCGGCAA-1,pc_pc2_AGTGACTAGTCGGCAA-1
AGTGCCGGTTGCGTAT-1,pc_pc2_AGTGCCGGTTGCGTAT-1
AGTTCGAGTTGTCATG-1,pc_pc2_AGTTCGAGTTGTCATG-1
AGTTCGATCACTTGTT-1,pc_pc2_AGTTCGATCACTTGTT-1
ATACCGACAGTGACCC-1,pc_pc2_ATACCGACAGTGACCC-1
ATACCGAGTTGTACGT-1,pc_pc2_ATACCGAGTTGTACGT-1
ATACCTTTCAAGGTGG-1,pc_pc2_ATACCTTTCAAGGTGG-1
ATAGAGACAGCCGTTG-1,pc_pc2_ATAGAGACAGCCGTTG-1
ATATCCTCAACTGGTT-1,pc_pc2_ATATCCTCAACTGGTT-1
ATATCCTGTCCTTTGC-1,pc_pc2_ATATCCTGTCCTTTGC-1
ATATCCTGTGTTGAGG-1,pc_pc2_ATATCCTGTGTTGAGG-1
ATCACGACACCACATA-1,pc_pc2_ATCACGACACCACATA-1
ATCACTTCACATGTTG-1,pc_pc2_ATCACTTCACATGTTG-1
ATCACTTCACCGAATT-1,pc_pc2_ATCACTTCACCGAATT-1
ATCAGGTGTGGCGCTT-1,pc_pc2_ATCAGGTGTGGCGCTT-1
ATCCACCCATCACAGT-1,pc_pc2_ATCCACCCATCACAGT-1
ATCCCTGGTCGTGCCA-1,pc_pc2_ATCCCTGGTCGTGCCA-1
ATCCGTCTCAGCGGAA-1,pc_pc2_ATCCGTCTCAGCGGAA-1
ATCCTATAGCGTGAGT-1,pc_pc2_ATCCTATAGCGTGAGT-1
ATCCTATGTGTCTCCT-1,pc_pc2_ATCCTATGTGTCTCCT-1
ATCGGATGTGGTGATG-1,pc_pc2_ATCGGATGTGGTGATG-1
ATCGGATTCCGAGCTG-1,pc_pc2_ATCGGATTCCGAGCTG-1
ATCGTAGAGTTGCTCA-1,pc_pc2_ATCGTAGAGTTGCTCA-1
ATGAAAGGTTGCATAC-1,pc_pc2_ATGAAAGGTTGCATAC-1
ATGAAAGTCAATCCAG-1,pc_pc2_ATGAAAGTCAATCCAG-1
ATGAGTCAGACGGTTG-1,pc_pc2_ATGAGTCAGACGGTTG-1
ATGCATGCACGTGTGC-1,pc_pc2_ATGCATGCACGTGTGC-1
ATGCGATGTAGCGCTC-1,pc_pc2_ATGCGATGTAGCGCTC-1
ATGGGAGTCACTGGGC-1,pc_pc2_ATGGGAGTCACTGGGC-1
ATGGGTTCATGTGGTT-1,pc_pc2_ATGGGTTCATGTGGTT-1
ATGTCCCCAACGAGGT-1,pc_pc2_ATGTCCCCAACGAGGT-1
ATGTCCCCATTCACAG-1,pc_pc2_ATGTCCCCATTCACAG-1
ATGTCCCGTACTCAAC-1,pc_pc2_ATGTCCCGTACTCAAC-1
ATGTCCCGTGTTCATG-1,pc_pc2_ATGTCCCGTGTTCATG-1
ATGTCCCTCACCACAA-1,pc_pc2_ATGTCCCTCACCACAA-1
ATGTCTTAGCTGTTCA-1,pc_pc2_ATGTCTTAGCTGTTCA-1
ATGTCTTCACGCACCA-1,pc_pc2_ATGTCTTCACGCACCA-1
ATTACTCCACTGTCGG-1,pc_pc2_ATTACTCCACTGTCGG-1
ATTATCCGTAGGGAGG-1,pc_pc2_ATTATCCGTAGGGAGG-1
ATTATCCGTGGAAATT-1,pc_pc2_ATTATCCGTGGAAATT-1
ATTCACTTCCGTGGGT-1,pc_pc2_ATTCACTTCCGTGGGT-1
ATTCATCCACCAACAT-1,pc_pc2_ATTCATCCACCAACAT-1
ATTCATCCAGCGTGCT-1,pc_pc2_ATTCATCCAGCGTGCT-1
ATTCCATAGGTCCCGT-1,pc_pc2_ATTCCATAGGTCCCGT-1
ATTCCTAAGGGACAGG-1,pc_pc2_ATTCCTAAGGGACAGG-1
ATTCCTAGTAGGTCAG-1,pc_pc2_ATTCCTAGTAGGTCAG-1
ATTCCTAGTATGTCAC-1,pc_pc2_ATTCCTAGTATGTCAC-1
ATTCCTAGTCCCTCAT-1,pc_pc2_ATTCCTAGTCCCTCAT-1
ATTCGTTTCCGGGACT-1,pc_pc2_ATTCGTTTCCGGGACT-1
ATTCTACAGAGCCGTA-1,pc_pc2_ATTCTACAGAGCCGTA-1
ATTCTACCAGCATCTA-1,pc_pc2_ATTCTACCAGCATCTA-1
ATTCTACTCGGAATTC-1,pc_pc2_ATTCTACTCGGAATTC-1
ATTGGGTGTGTCTTAG-1,pc_pc2_ATTGGGTGTGTCTTAG-1
ATTGTTCTCAGGAAAT-1,pc_pc2_ATTGTTCTCAGGAAAT-1
ATTGTTCTCTAATTCC-1,pc_pc2_ATTGTTCTCTAATTCC-1
ATTTACCAGGCATTTC-1,pc_pc2_ATTTACCAGGCATTTC-1
ATTTACCTCTTCGTAT-1,pc_pc2_ATTTACCTCTTCGTAT-1
ATTTCTGCAAGGATGC-1,pc_pc2_ATTTCTGCAAGGATGC-1
ATTTCTGCATGACGTT-1,pc_pc2_ATTTCTGCATGACGTT-1
CAAAGAATCAATCTTC-1,pc_pc2_CAAAGAATCAATCTTC-1
CAACAACTCCAACTGA-1,pc_pc2_CAACAACTCCAACTGA-1
CAACAACTCCATCTCG-1,pc_pc2_CAACAACTCCATCTCG-1
CAACAGTAGCTAGCCC-1,pc_pc2_CAACAGTAGCTAGCCC-1
CAACCAAAGGGCCCTT-1,pc_pc2_CAACCAAAGGGCCCTT-1
CAACCAACACGTTGGC-1,pc_pc2_CAACCAACACGTTGGC-1
CAACGATCAACGCATT-1,pc_pc2_CAACGATCAACGCATT-1
CAACGATGTGCGAGTA-1,pc_pc2_CAACGATGTGCGAGTA-1
CAACGATGTTGGTAGG-1,pc_pc2_CAACGATGTTGGTAGG-1
CAACGATTCCACGGAC-1,pc_pc2_CAACGATTCCACGGAC-1
CAATCGATCCTTACCG-1,pc_pc2_CAATCGATCCTTACCG-1
CAATGACCAGACCGCT-1,pc_pc2_CAATGACCAGACCGCT-1
CAATTTCTCGACCATA-1,pc_pc2_CAATTTCTCGACCATA-1
CACAGGCCACTCCACT-1,pc_pc2_CACAGGCCACTCCACT-1
CACAGGCGTACAGTAA-1,pc_pc2_CACAGGCGTACAGTAA-1
CACATGAAGCGTATGG-1,pc_pc2_CACATGAAGCGTATGG-1
CACATGACAACGCCCA-1,pc_pc2_CACATGACAACGCCCA-1
CACATGAGTATTGAGA-1,pc_pc2_CACATGAGTATTGAGA-1
CACCAAAGTAGTGATA-1,pc_pc2_CACCAAAGTAGTGATA-1
CACCAAAGTTTGAAAG-1,pc_pc2_CACCAAAGTTTGAAAG-1
CACCGTTCACCGCTGA-1,pc_pc2_CACCGTTCACCGCTGA-1
CACGGGTGTGCTAGCC-1,pc_pc2_CACGGGTGTGCTAGCC-1
CACGTGGGTCCTTTGC-1,pc_pc2_CACGTGGGTCCTTTGC-1
CACTGGGCACCCTAAA-1,pc_pc2_CACTGGGCACCCTAAA-1
CACTGTCAGTATAGAC-1,pc_pc2_CACTGTCAGTATAGAC-1
CACTTCGTCGATTGAC-1,pc_pc2_CACTTCGTCGATTGAC-1
CAGAGCCCATTGCAAC-1,pc_pc2_CAGAGCCCATTGCAAC-1
CAGAGCCGTCGCACGT-1,pc_pc2_CAGAGCCGTCGCACGT-1
CAGATCAAGGAAAGAC-1,pc_pc2_CAGATCAAGGAAAGAC-1
CAGATTGCAACTGCCG-1,pc_pc2_CAGATTGCAACTGCCG-1
CAGATTGCAGAATTCC-1,pc_pc2_CAGATTGCAGAATTCC-1
CAGCACGCATTGTGCA-1,pc_pc2_CAGCACGCATTGTGCA-1
CAGCACGGTCCGTTTC-1,pc_pc2_CAGCACGGTCCGTTTC-1
CAGCACGGTTGTGGCC-1,pc_pc2_CAGCACGGTTGTGGCC-1
CAGCACGTCGACGACC-1,pc_pc2_CAGCACGTCGACGACC-1
CAGCCAGGTTCAGCGC-1,pc_pc2_CAGCCAGGTTCAGCGC-1
CAGGCCAAGCAGCGAT-1,pc_pc2_CAGGCCAAGCAGCGAT-1
CAGGCCAAGGAACATT-1,pc_pc2_CAGGCCAAGGAACATT-1
CAGGTATAGACTACGG-1,pc_pc2_CAGGTATAGACTACGG-1
CAGTTCCGTCTTTATC-1,pc_pc2_CAGTTCCGTCTTTATC-1
CATAAGCCACACCGCA-1,pc_pc2_CATAAGCCACACCGCA-1
CATAAGCGTTACACAC-1,pc_pc2_CATAAGCGTTACACAC-1
CATACCCTCCGCATAA-1,pc_pc2_CATACCCTCCGCATAA-1
CATAGACGTTGGCCGT-1,pc_pc2_CATAGACGTTGGCCGT-1
CATCAAGTCGTGGTAT-1,pc_pc2_CATCAAGTCGTGGTAT-1
CATCAAGTCTCCGTGT-1,pc_pc2_CATCAAGTCTCCGTGT-1
CATCCACAGGACAACC-1,pc_pc2_CATCCACAGGACAACC-1
CATCCACAGTGCTAGG-1,pc_pc2_CATCCACAGTGCTAGG-1
CATCCCAGTTGAGGAC-1,pc_pc2_CATCCCAGTTGAGGAC-1
CATCCGTAGGTCCCGT-1,pc_pc2_CATCCGTAGGTCCCGT-1
CATCCGTCATTAGGCT-1,pc_pc2_CATCCGTCATTAGGCT-1
CATCCGTTCAATCAGC-1,pc_pc2_CATCCGTTCAATCAGC-1
CATCGCTAGGCCTTGC-1,pc_pc2_CATCGCTAGGCCTTGC-1
CATCGTCCAGCGTTGC-1,pc_pc2_CATCGTCCAGCGTTGC-1
CATCGTCTCGCGGACT-1,pc_pc2_CATCGTCTCGCGGACT-1
CATGAGTCAAACGTGG-1,pc_pc2_CATGAGTCAAACGTGG-1
CATGCAAGTCTTTATC-1,pc_pc2_CATGCAAGTCTTTATC-1
CATGCCTCATTGACAC-1,pc_pc2_CATGCCTCATTGACAC-1
CATGGATTCGATCCCT-1,pc_pc2_CATGGATTCGATCCCT-1
CATGGTACAGTAGTGG-1,pc_pc2_CATGGTACAGTAGTGG-1
CATTCATCAGACCTGC-1,pc_pc2_CATTCATCAGACCTGC-1
CATTCCGTCAGACCCG-1,pc_pc2_CATTCCGTCAGACCCG-1
CATTGCCAGAGTACCG-1,pc_pc2_CATTGCCAGAGTACCG-1
CATTGTTCACAGTATC-1,pc_pc2_CATTGTTCACAGTATC-1
CATTTCACACCCTTAC-1,pc_pc2_CATTTCACACCCTTAC-1
CCAATTTTCCCATGGG-1,pc_pc2_CCAATTTTCCCATGGG-1
CCACAAAAGCGCATCC-1,pc_pc2_CCACAAAAGCGCATCC-1
CCACAAACAAAGGCTG-1,pc_pc2_CCACAAACAAAGGCTG-1
CCACACTAGTGCTCAT-1,pc_pc2_CCACACTAGTGCTCAT-1
CCACACTGTATACCTG-1,pc_pc2_CCACACTGTATACCTG-1
CCACACTTCATAGAGA-1,pc_pc2_CCACACTTCATAGAGA-1
CCACCATGTCAGCGTC-1,pc_pc2_CCACCATGTCAGCGTC-1
CCACGAGCAGACGATG-1,pc_pc2_CCACGAGCAGACGATG-1
CCATAAGAGGTTATAG-1,pc_pc2_CCATAAGAGGTTATAG-1
CCATAAGGTTGCATAC-1,pc_pc2_CCATAAGGTTGCATAC-1
CCATAAGTCTCCCATG-1,pc_pc2_CCATAAGTCTCCCATG-1
CCATCACAGTTGTACC-1,pc_pc2_CCATCACAGTTGTACC-1
CCCAACTAGCTACTAC-1,pc_pc2_CCCAACTAGCTACTAC-1
CCCATTGCATAGGTTC-1,pc_pc2_CCCATTGCATAGGTTC-1
CCCGAAGAGACAAGCC-1,pc_pc2_CCCGAAGAGACAAGCC-1
CCCGAAGTCATCACCC-1,pc_pc2_CCCGAAGTCATCACCC-1
CCCTAACTCTGGGCCA-1,pc_pc2_CCCTAACTCTGGGCCA-1
CCCTCTCAGAGGACTC-1,pc_pc2_CCCTCTCAGAGGACTC-1
CCCTCTCCACTCCTTG-1,pc_pc2_CCCTCTCCACTCCTTG-1
CCCTCTCGTTATTCTC-1,pc_pc2_CCCTCTCGTTATTCTC-1
CCCTGATCACCATAAC-1,pc_pc2_CCCTGATCACCATAAC-1
CCGATCTCAGGCAATG-1,pc_pc2_CCGATCTCAGGCAATG-1
CCGATCTGTGCGTGCT-1,pc_pc2_CCGATCTGTGCGTGCT-1
CCGGACAGTACCGCGT-1,pc_pc2_CCGGACAGTACCGCGT-1
CCGGACAGTGCCCGTA-1,pc_pc2_CCGGACAGTGCCCGTA-1
CCGTGAGCAGTAACGG-1,pc_pc2_CCGTGAGCAGTAACGG-1
CCTATCGTCGAGTCCG-1,pc_pc2_CCTATCGTCGAGTCCG-1
CCTCACACACCCGTAG-1,pc_pc2_CCTCACACACCCGTAG-1
CCTCAGTCAGTTCACA-1,pc_pc2_CCTCAGTCAGTTCACA-1
CCTCAGTGTCAAGCGA-1,pc_pc2_CCTCAGTGTCAAGCGA-1
CCTCCAACAGCGTGCT-1,pc_pc2_CCTCCAACAGCGTGCT-1
CCTCCAAGTAGCTGAG-1,pc_pc2_CCTCCAAGTAGCTGAG-1
CCTCCTCGTAACCAGG-1,pc_pc2_CCTCCTCGTAACCAGG-1
CCTCTCCTCTTAGCAG-1,pc_pc2_CCTCTCCTCTTAGCAG-1
CCTTTGGTCTTGTGCC-1,pc_pc2_CCTTTGGTCTTGTGCC-1
CGAAGGAGTGACTCGC-1,pc_pc2_CGAAGGAGTGACTCGC-1
CGAAGTTGTCTGTGGC-1,pc_pc2_CGAAGTTGTCTGTGGC-1
CGACAGCAGCCGTCGT-1,pc_pc2_CGACAGCAGCCGTCGT-1
CGACAGCGTCACCCTT-1,pc_pc2_CGACAGCGTCACCCTT-1
CGAGAAGAGCAACAGC-1,pc_pc2_CGAGAAGAGCAACAGC-1
CGAGAAGAGCCTCAAT-1,pc_pc2_CGAGAAGAGCCTCAAT-1
CGAGAAGCAGGCTTGC-1,pc_pc2_CGAGAAGCAGGCTTGC-1
CGAGAAGGTACTAAGA-1,pc_pc2_CGAGAAGGTACTAAGA-1
CGAGAAGGTTGGAGGT-1,pc_pc2_CGAGAAGGTTGGAGGT-1
CGAGGAATCTACTGAG-1,pc_pc2_CGAGGAATCTACTGAG-1
CGCAGGTAGGATTACA-1,pc_pc2_CGCAGGTAGGATTACA-1
CGCAGGTTCTTACTGT-1,pc_pc2_CGCAGGTTCTTACTGT-1
CGCATAAAGACTTCGT-1,pc_pc2_CGCATAAAGACTTCGT-1
CGCCAGAGTGACGCCT-1,pc_pc2_CGCCAGAGTGACGCCT-1
CGCGTGATCTTTGCGC-1,pc_pc2_CGCGTGATCTTTGCGC-1
CGGAATTAGATCCGAG-1,pc_pc2_CGGAATTAGATCCGAG-1
CGGAATTCAAACTAAG-1,pc_pc2_CGGAATTCAAACTAAG-1
CGGAATTTCAGTCTTT-1,pc_pc2_CGGAATTTCAGTCTTT-1
CGGAGAACAGCTGCCA-1,pc_pc2_CGGAGAACAGCTGCCA-1
CGGCAGTTCGTGCACG-1,pc_pc2_CGGCAGTTCGTGCACG-1
CGGGACTTCGACCCAG-1,pc_pc2_CGGGACTTCGACCCAG-1
CGGGTCAGTCATAACC-1,pc_pc2_CGGGTCAGTCATAACC-1
CGGGTGTCAGTCAGCC-1,pc_pc2_CGGGTGTCAGTCAGCC-1
CGGTCAGAGCTGTGCC-1,pc_pc2_CGGTCAGAGCTGTGCC-1
CGTAAGTCACTGCGTG-1,pc_pc2_CGTAAGTCACTGCGTG-1
CGTAGTATCGATTGAC-1,pc_pc2_CGTAGTATCGATTGAC-1
CGTGAATGTCCCTGTT-1,pc_pc2_CGTGAATGTCCCTGTT-1
CGTGATAAGGTCGAGT-1,pc_pc2_CGTGATAAGGTCGAGT-1
CGTGCTTGTGCTTATG-1,pc_pc2_CGTGCTTGTGCTTATG-1
CGTTCTGGTGGACCAA-1,pc_pc2_CGTTCTGGTGGACCAA-1
CGTTGGGCAAGAGAGA-1,pc_pc2_CGTTGGGCAAGAGAGA-1
CTAACTTGTACCCGCA-1,pc_pc2_CTAACTTGTACCCGCA-1
CTAACTTGTGGTATGG-1,pc_pc2_CTAACTTGTGGTATGG-1
CTACAGACAGAGAAAG-1,pc_pc2_CTACAGACAGAGAAAG-1
CTACATTAGCCACCGT-1,pc_pc2_CTACATTAGCCACCGT-1
CTACCCATCTTAGCCC-1,pc_pc2_CTACCCATCTTAGCCC-1
CTACCTGTCTGCTGAA-1,pc_pc2_CTACCTGTCTGCTGAA-1
CTACGGGAGTCTTCCC-1,pc_pc2_CTACGGGAGTCTTCCC-1
CTACTATGTCGTTGCG-1,pc_pc2_CTACTATGTCGTTGCG-1
CTAGACAAGATTGCGG-1,pc_pc2_CTAGACAAGATTGCGG-1
CTAGACATCGTGCATA-1,pc_pc2_CTAGACATCGTGCATA-1
CTAGGTAGTCCGAAGA-1,pc_pc2_CTAGGTAGTCCGAAGA-1
CTCAACCTCGAACACT-1,pc_pc2_CTCAACCTCGAACACT-1
CTCAAGAAGCAGCCTC-1,pc_pc2_CTCAAGAAGCAGCCTC-1
CTCAATTGTATGGTAA-1,pc_pc2_CTCAATTGTATGGTAA-1
CTCAATTGTGGGCTCT-1,pc_pc2_CTCAATTGTGGGCTCT-1
CTCAATTGTGGTCTGC-1,pc_pc2_CTCAATTGTGGTCTGC-1
CTCACTGCAAGCCCAC-1,pc_pc2_CTCACTGCAAGCCCAC-1
CTCAGTCCACCGTCTT-1,pc_pc2_CTCAGTCCACCGTCTT-1
CTCATTAGTTCTCCAC-1,pc_pc2_CTCATTAGTTCTCCAC-1
CTCCACATCGCCAGTG-1,pc_pc2_CTCCACATCGCCAGTG-1
CTCCCTCTCTGGGAGA-1,pc_pc2_CTCCCTCTCTGGGAGA-1
CTCCCTCTCTTCCGTG-1,pc_pc2_CTCCCTCTCTTCCGTG-1
CTCCGATAGTTGCTGT-1,pc_pc2_CTCCGATAGTTGCTGT-1
CTCCTCCAGTTTCAGC-1,pc_pc2_CTCCTCCAGTTTCAGC-1
CTCCTCCGTAGCGTTT-1,pc_pc2_CTCCTCCGTAGCGTTT-1
CTCCTTTCACGGTGTC-1,pc_pc2_CTCCTTTCACGGTGTC-1
CTCGAGGGTTGCTCAA-1,pc_pc2_CTCGAGGGTTGCTCAA-1
CTCTCAGAGCCACTCG-1,pc_pc2_CTCTCAGAGCCACTCG-1
CTCTCAGAGGAAAGAC-1,pc_pc2_CTCTCAGAGGAAAGAC-1
CTCTGGTGTAGCTGCC-1,pc_pc2_CTCTGGTGTAGCTGCC-1
CTCTGGTTCGCCTCTA-1,pc_pc2_CTCTGGTTCGCCTCTA-1
CTGAGCGAGAATTTGG-1,pc_pc2_CTGAGCGAGAATTTGG-1
CTGAGGCGTCTTGCTC-1,pc_pc2_CTGAGGCGTCTTGCTC-1
CTGATCCAGACATACA-1,pc_pc2_CTGATCCAGACATACA-1
CTGATCCCATAAGCGG-1,pc_pc2_CTGATCCCATAAGCGG-1
CTGCCATCAGACAAAT-1,pc_pc2_CTGCCATCAGACAAAT-1
CTGCCATCATCGATAC-1,pc_pc2_CTGCCATCATCGATAC-1
CTGCCATGTTTACTGG-1,pc_pc2_CTGCCATGTTTACTGG-1
CTGCCTACACTTCAAG-1,pc_pc2_CTGCCTACACTTCAAG-1
CTGCCTAGTACAAGTA-1,pc_pc2_CTGCCTAGTACAAGTA-1
CTGCGAGTCGTAGAGG-1,pc_pc2_CTGCGAGTCGTAGAGG-1
CTGGACGCATTGAGCT-1,pc_pc2_CTGGACGCATTGAGCT-1
CTGGCAGAGGGTTAGC-1,pc_pc2_CTGGCAGAGGGTTAGC-1
CTGGTCTCATAGATCC-1,pc_pc2_CTGGTCTCATAGATCC-1
CTGTATTAGAGTACCG-1,pc_pc2_CTGTATTAGAGTACCG-1
CTGTCGTAGCCAACCC-1,pc_pc2_CTGTCGTAGCCAACCC-1
CTGTCGTAGTGGAAGA-1,pc_pc2_CTGTCGTAGTGGAAGA-1
CTGTGAAAGCTGAGCA-1,pc_pc2_CTGTGAAAGCTGAGCA-1
CTGTGGGGTTGCTCGG-1,pc_pc2_CTGTGGGGTTGCTCGG-1
CTTACCGTCACCCTCA-1,pc_pc2_CTTACCGTCACCCTCA-1
CTTAGGACATAGCACT-1,pc_pc2_CTTAGGACATAGCACT-1
CTTAGGAGTAAGAACT-1,pc_pc2_CTTAGGAGTAAGAACT-1
CTTAGGATCACGATCA-1,pc_pc2_CTTAGGATCACGATCA-1
CTTCCGAAGCTCTATG-1,pc_pc2_CTTCCGAAGCTCTATG-1
CTTCCGAAGTGATCGG-1,pc_pc2_CTTCCGAAGTGATCGG-1
CTTCTAAAGCCGAATG-1,pc_pc2_CTTCTAAAGCCGAATG-1
CTTCTCTGTAACGGTG-1,pc_pc2_CTTCTCTGTAACGGTG-1
CTTCTCTGTGCCGAAA-1,pc_pc2_CTTCTCTGTGCCGAAA-1
CTTCTCTTCTTGCAAG-1,pc_pc2_CTTCTCTTCTTGCAAG-1
CTTGAGAAGTCCCTAA-1,pc_pc2_CTTGAGAAGTCCCTAA-1
CTTGAGATCTGAATGC-1,pc_pc2_CTTGAGATCTGAATGC-1
CTTTCAATCAACTTTC-1,pc_pc2_CTTTCAATCAACTTTC-1
CTTTCGGCAGTCAGTT-1,pc_pc2_CTTTCGGCAGTCAGTT-1
GAAACCTGTAGGCAAC-1,pc_pc2_GAAACCTGTAGGCAAC-1
GAACACTTCACTAGCA-1,pc_pc2_GAACACTTCACTAGCA-1
GAACGTTCATGTGGCC-1,pc_pc2_GAACGTTCATGTGGCC-1
GAACTGTGTAGGACCA-1,pc_pc2_GAACTGTGTAGGACCA-1
GAAGAATCAAACACGG-1,pc_pc2_GAAGAATCAAACACGG-1
GAAGGACCAGACAAGC-1,pc_pc2_GAAGGACCAGACAAGC-1
GAAGGACTCGGACGTC-1,pc_pc2_GAAGGACTCGGACGTC-1
GAAGGGTTCCGGTTCT-1,pc_pc2_GAAGGGTTCCGGTTCT-1
GAAGGGTTCGGCGATC-1,pc_pc2_GAAGGGTTCGGCGATC-1
GAATAGAAGTTCTACG-1,pc_pc2_GAATAGAAGTTCTACG-1
GAATAGATCCCTCTCC-1,pc_pc2_GAATAGATCCCTCTCC-1
GAATCGTCAGCAGAAC-1,pc_pc2_GAATCGTCAGCAGAAC-1
GAATCGTGTGGAAGTC-1,pc_pc2_GAATCGTGTGGAAGTC-1
GACACGCCACGCAGTC-1,pc_pc2_GACACGCCACGCAGTC-1
GACACGCGTGGACCTC-1,pc_pc2_GACACGCGTGGACCTC-1
GACAGCCCATAATCCG-1,pc_pc2_GACAGCCCATAATCCG-1
GACATCACACCATTCC-1,pc_pc2_GACATCACACCATTCC-1
GACCAATGTACGTACT-1,pc_pc2_GACCAATGTACGTACT-1
GACCCAGAGCACTCGC-1,pc_pc2_GACCCAGAGCACTCGC-1
GACCCAGTCTGTAAGC-1,pc_pc2_GACCCAGTCTGTAAGC-1
GACCGTGCATTAGGCT-1,pc_pc2_GACCGTGCATTAGGCT-1
GACGCTGCATCATGAC-1,pc_pc2_GACGCTGCATCATGAC-1
GACGCTGCATCTGTTT-1,pc_pc2_GACGCTGCATCTGTTT-1
GACGCTGGTACCATAC-1,pc_pc2_GACGCTGGTACCATAC-1
GACGCTGTCATCGCAA-1,pc_pc2_GACGCTGTCATCGCAA-1
GACGTTACAACATACC-1,pc_pc2_GACGTTACAACATACC-1
GACTCAAAGCATCCTA-1,pc_pc2_GACTCAAAGCATCCTA-1
GACTCTCAGGTCGAGT-1,pc_pc2_GACTCTCAGGTCGAGT-1
GACTCTCGTGCGGCTT-1,pc_pc2_GACTCTCGTGCGGCTT-1
GACTTCCGTAACATCC-1,pc_pc2_GACTTCCGTAACATCC-1
GAGACCCCAGTAGATA-1,pc_pc2_GAGACCCCAGTAGATA-1
GAGACCCTCCTCTTTC-1,pc_pc2_GAGACCCTCCTCTTTC-1
GAGACTTAGTTGCTCA-1,pc_pc2_GAGACTTAGTTGCTCA-1
GAGACTTGTCATCCCT-1,pc_pc2_GAGACTTGTCATCCCT-1
GAGATGGAGGTTAGTA-1,pc_pc2_GAGATGGAGGTTAGTA-1
GAGCCTGGTCGAATGG-1,pc_pc2_GAGCCTGGTCGAATGG-1
GAGGGATAGACCGTTT-1,pc_pc2_GAGGGATAGACCGTTT-1
GAGGGTAAGCGCCGTT-1,pc_pc2_GAGGGTAAGCGCCGTT-1
GAGGGTAGTTCTCCAC-1,pc_pc2_GAGGGTAGTTCTCCAC-1
GAGGGTATCAAGAATG-1,pc_pc2_GAGGGTATCAAGAATG-1
GAGTCATAGGGACCAT-1,pc_pc2_GAGTCATAGGGACCAT-1
GAGTCTATCCACTGGG-1,pc_pc2_GAGTCTATCCACTGGG-1
GAGTCTATCCGTCACT-1,pc_pc2_GAGTCTATCCGTCACT-1
GAGTGAGAGACCTCCG-1,pc_pc2_GAGTGAGAGACCTCCG-1
GAGTGAGTCTCTTCAA-1,pc_pc2_GAGTGAGTCTCTTCAA-1
GAGTGTTCACAACGAG-1,pc_pc2_GAGTGTTCACAACGAG-1
GAGTTGTAGATTAGTG-1,pc_pc2_GAGTTGTAGATTAGTG-1
GATAGAATCATAGACC-1,pc_pc2_GATAGAATCATAGACC-1
GATCAGTCACCACTGG-1,pc_pc2_GATCAGTCACCACTGG-1
GATCATGCACAGAGAC-1,pc_pc2_GATCATGCACAGAGAC-1
GATCATGCATTCAGGT-1,pc_pc2_GATCATGCATTCAGGT-1
GATCCCTAGGTCGTCC-1,pc_pc2_GATCCCTAGGTCGTCC-1
GATCCCTGTGACTCGC-1,pc_pc2_GATCCCTGTGACTCGC-1
GATCCCTTCATTCATC-1,pc_pc2_GATCCCTTCATTCATC-1
GATCGTAGTTCGAAGG-1,pc_pc2_GATCGTAGTTCGAAGG-1
GATGACTGTTAGAAAC-1,pc_pc2_GATGACTGTTAGAAAC-1
GATGAGGCATTCATCT-1,pc_pc2_GATGAGGCATTCATCT-1
GATGGAGAGTTACGGG-1,pc_pc2_GATGGAGAGTTACGGG-1
GATTCGACAAATACGA-1,pc_pc2_GATTCGACAAATACGA-1
GATTCTTCAGGCAATG-1,pc_pc2_GATTCTTCAGGCAATG-1
GATTTCTGTGGGAGAG-1,pc_pc2_GATTTCTGTGGGAGAG-1
GATTTCTTCCGTATGA-1,pc_pc2_GATTTCTTCCGTATGA-1
GCAACATAGTGGCCTC-1,pc_pc2_GCAACATAGTGGCCTC-1
GCAACATTCCACATAG-1,pc_pc2_GCAACATTCCACATAG-1
GCACATAAGTCACGAG-1,pc_pc2_GCACATAAGTCACGAG-1
GCACGTGAGGCTGAAC-1,pc_pc2_GCACGTGAGGCTGAAC-1
GCAGCCATCATAGCAC-1,pc_pc2_GCAGCCATCATAGCAC-1
GCAGCTGCACCCTCTA-1,pc_pc2_GCAGCTGCACCCTCTA-1
GCATCGGTCCGTGTGG-1,pc_pc2_GCATCGGTCCGTGTGG-1
GCATTAGCAGTGCGCT-1,pc_pc2_GCATTAGCAGTGCGCT-1
GCCAACGGTACTCCCT-1,pc_pc2_GCCAACGGTACTCCCT-1
GCCAGTGTCGGAGCAA-1,pc_pc2_GCCAGTGTCGGAGCAA-1
GCCATTCGTGTTCAGT-1,pc_pc2_GCCATTCGTGTTCAGT-1
GCCATTCTCATTGTTC-1,pc_pc2_GCCATTCTCATTGTTC-1
GCCCAGACAGCCCAGT-1,pc_pc2_GCCCAGACAGCCCAGT-1
GCCCAGACATACCACA-1,pc_pc2_GCCCAGACATACCACA-1
GCCCGAATCATGTCTT-1,pc_pc2_GCCCGAATCATGTCTT-1
GCCGATGTCAGCTGAT-1,pc_pc2_GCCGATGTCAGCTGAT-1
GCCGTGATCATGCAGT-1,pc_pc2_GCCGTGATCATGCAGT-1
GCCTGTTAGTTAGAAC-1,pc_pc2_GCCTGTTAGTTAGAAC-1
GCGAGAAAGCCTCCAG-1,pc_pc2_GCGAGAAAGCCTCCAG-1
GCGATCGTCGGTCGAC-1,pc_pc2_GCGATCGTCGGTCGAC-1
GCGGATCGTTAATGAG-1,pc_pc2_GCGGATCGTTAATGAG-1
GCGGATCGTTCGGCGT-1,pc_pc2_GCGGATCGTTCGGCGT-1
GCGTTTCAGACCACGA-1,pc_pc2_GCGTTTCAGACCACGA-1
GCGTTTCCATTATGCG-1,pc_pc2_GCGTTTCCATTATGCG-1
GCGTTTCCATTCCTAT-1,pc_pc2_GCGTTTCCATTCCTAT-1
GCTACCTGTCCATAGT-1,pc_pc2_GCTACCTGTCCATAGT-1
GCTCAAAAGTTATGGA-1,pc_pc2_GCTCAAAAGTTATGGA-1
GCTCAAAGTAGGACTG-1,pc_pc2_GCTCAAAGTAGGACTG-1
GCTGAATGTGCCCAGT-1,pc_pc2_GCTGAATGTGCCCAGT-1
GCTGGGTAGGGAGGAC-1,pc_pc2_GCTGGGTAGGGAGGAC-1
GCTGGGTGTATTTCTC-1,pc_pc2_GCTGGGTGTATTTCTC-1
GCTTGGGAGAAGTGTT-1,pc_pc2_GCTTGGGAGAAGTGTT-1
GGAACCCTCAAGTAAG-1,pc_pc2_GGAACCCTCAAGTAAG-1
GGAATCTCATCGTCCT-1,pc_pc2_GGAATCTCATCGTCCT-1
GGAGAACGTTCTTCAT-1,pc_pc2_GGAGAACGTTCTTCAT-1
GGAGAACTCATGCGGC-1,pc_pc2_GGAGAACTCATGCGGC-1
GGAGATGGTCGAAACG-1,pc_pc2_GGAGATGGTCGAAACG-1
GGAGCAACATAACAGA-1,pc_pc2_GGAGCAACATAACAGA-1
GGAGCAAGTAACTAAG-1,pc_pc2_GGAGCAAGTAACTAAG-1
GGAGCAAGTCGACTTA-1,pc_pc2_GGAGCAAGTCGACTTA-1
GGAGGTATCTGTCCGT-1,pc_pc2_GGAGGTATCTGTCCGT-1
GGCACGTCAAGTGGCA-1,pc_pc2_GGCACGTCAAGTGGCA-1
GGCAGTCCAACAGCCC-1,pc_pc2_GGCAGTCCAACAGCCC-1
GGCTGTGTCGAGAGCA-1,pc_pc2_GGCTGTGTCGAGAGCA-1
GGGAAGTGTGAGTCAG-1,pc_pc2_GGGAAGTGTGAGTCAG-1
GGGACAACAGCGATTT-1,pc_pc2_GGGACAACAGCGATTT-1
GGGACAACATCATGAC-1,pc_pc2_GGGACAACATCATGAC-1
GGGACAATCGTTGTTT-1,pc_pc2_GGGACAATCGTTGTTT-1
GGGACAATCTCACCCA-1,pc_pc2_GGGACAATCTCACCCA-1
GGGATCCAGACCAACG-1,pc_pc2_GGGATCCAGACCAACG-1
GGGATGAAGTAGCATA-1,pc_pc2_GGGATGAAGTAGCATA-1
GGGCCATCAAACGGCA-1,pc_pc2_GGGCCATCAAACGGCA-1
GGGCCATCAGAAATTG-1,pc_pc2_GGGCCATCAGAAATTG-1
GGGCGTTAGGTCATCT-1,pc_pc2_GGGCGTTAGGTCATCT-1
GGGCTACGTTTCACAG-1,pc_pc2_GGGCTACGTTTCACAG-1
GGGTAGAGTCCGGTCA-1,pc_pc2_GGGTAGAGTCCGGTCA-1
GGGTCACAGAGCTTTC-1,pc_pc2_GGGTCACAGAGCTTTC-1
GGGTGAACAACTCGTA-1,pc_pc2_GGGTGAACAACTCGTA-1
GGGTGAAGTTATAGAG-1,pc_pc2_GGGTGAAGTTATAGAG-1
GGGTTATAGCCTCTCT-1,pc_pc2_GGGTTATAGCCTCTCT-1
GGGTTATTCCACGGAC-1,pc_pc2_GGGTTATTCCACGGAC-1
GGGTTTAAGTAGCATA-1,pc_pc2_GGGTTTAAGTAGCATA-1
GGGTTTAGTCTACTGA-1,pc_pc2_GGGTTTAGTCTACTGA-1
GGTAACTGTCCATCTC-1,pc_pc2_GGTAACTGTCCATCTC-1
GGTAATCCACTTCTCG-1,pc_pc2_GGTAATCCACTTCTCG-1
GGTAATCCAGCGTACC-1,pc_pc2_GGTAATCCAGCGTACC-1
GGTAATCTCCCATACC-1,pc_pc2_GGTAATCTCCCATACC-1
GGTCACGTCCGAGATT-1,pc_pc2_GGTCACGTCCGAGATT-1
GGTCTGGCAGACCATT-1,pc_pc2_GGTCTGGCAGACCATT-1
GGTCTGGGTGAGCGAT-1,pc_pc2_GGTCTGGGTGAGCGAT-1
GGTCTGGTCCCGAGGT-1,pc_pc2_GGTCTGGTCCCGAGGT-1
GGTCTGGTCCGCAAAT-1,pc_pc2_GGTCTGGTCCGCAAAT-1
GGTGTCGGTGCTCTCT-1,pc_pc2_GGTGTCGGTGCTCTCT-1
GGTGTTAAGGTTGCCC-1,pc_pc2_GGTGTTAAGGTTGCCC-1
GGTTGTAAGGGAGTGG-1,pc_pc2_GGTTGTAAGGGAGTGG-1
GGTTGTACAACAGTGG-1,pc_pc2_GGTTGTACAACAGTGG-1
GGTTGTAGTAACATGA-1,pc_pc2_GGTTGTAGTAACATGA-1
GTAACCACAGCTAACT-1,pc_pc2_GTAACCACAGCTAACT-1
GTAACCAGTCTACAAC-1,pc_pc2_GTAACCAGTCTACAAC-1
GTAACCATCGTAGCTA-1,pc_pc2_GTAACCATCGTAGCTA-1
GTAATCGCAGGGACTA-1,pc_pc2_GTAATCGCAGGGACTA-1
GTAATCGTCAATCGGT-1,pc_pc2_GTAATCGTCAATCGGT-1
GTAATGCAGGCATGCA-1,pc_pc2_GTAATGCAGGCATGCA-1
GTAATGCCACATACGT-1,pc_pc2_GTAATGCCACATACGT-1
GTACAGTAGTATGATG-1,pc_pc2_GTACAGTAGTATGATG-1
GTAGGAGAGGCCCAAA-1,pc_pc2_GTAGGAGAGGCCCAAA-1
GTAGGAGGTTAACAGA-1,pc_pc2_GTAGGAGGTTAACAGA-1
GTAGTACAGGCCTTGC-1,pc_pc2_GTAGTACAGGCCTTGC-1
GTATTTCAGTAGACAT-1,pc_pc2_GTATTTCAGTAGACAT-1
GTATTTCGTAATCAAG-1,pc_pc2_GTATTTCGTAATCAAG-1
GTCACGGTCTCGCGTT-1,pc_pc2_GTCACGGTCTCGCGTT-1
GTCAGCGCAAGACGAC-1,pc_pc2_GTCAGCGCAAGACGAC-1
GTCAGCGCACTGGATT-1,pc_pc2_GTCAGCGCACTGGATT-1
GTCATGAAGGGACTGT-1,pc_pc2_GTCATGAAGGGACTGT-1
GTCATGAAGTAGGCCA-1,pc_pc2_GTCATGAAGTAGGCCA-1
GTCATTTCACTGCATA-1,pc_pc2_GTCATTTCACTGCATA-1
GTCGCGAGTCTTACTT-1,pc_pc2_GTCGCGAGTCTTACTT-1
GTCTAGATCGCCATAA-1,pc_pc2_GTCTAGATCGCCATAA-1
GTCTCACAGCGAGTAC-1,pc_pc2_GTCTCACAGCGAGTAC-1
GTGAGCCAGTTGCTGT-1,pc_pc2_GTGAGCCAGTTGCTGT-1
GTGAGCCGTATACCCA-1,pc_pc2_GTGAGCCGTATACCCA-1
GTGATGTCACTGCACG-1,pc_pc2_GTGATGTCACTGCACG-1
GTGATGTGTACAAAGT-1,pc_pc2_GTGATGTGTACAAAGT-1
GTGCACGGTGACATCT-1,pc_pc2_GTGCACGGTGACATCT-1
GTGCAGCCATCTGCGG-1,pc_pc2_GTGCAGCCATCTGCGG-1
GTGCAGCTCTAGCAAC-1,pc_pc2_GTGCAGCTCTAGCAAC-1
GTGCTGGAGTAATACG-1,pc_pc2_GTGCTGGAGTAATACG-1
GTGCTGGTCAATCAGC-1,pc_pc2_GTGCTGGTCAATCAGC-1
GTGCTGGTCTCCGCAT-1,pc_pc2_GTGCTGGTCTCCGCAT-1
GTGCTTCAGATTAGTG-1,pc_pc2_GTGCTTCAGATTAGTG-1
GTGGAAGTCCGTACGG-1,pc_pc2_GTGGAAGTCCGTACGG-1
GTGGAGAAGGACACTG-1,pc_pc2_GTGGAGAAGGACACTG-1
GTGGAGAAGGTTGACG-1,pc_pc2_GTGGAGAAGGTTGACG-1
GTGGCGTTCTCGAGTA-1,pc_pc2_GTGGCGTTCTCGAGTA-1
GTGGGAATCGGTTGTA-1,pc_pc2_GTGGGAATCGGTTGTA-1
GTGGTTAGTCAAAGCG-1,pc_pc2_GTGGTTAGTCAAAGCG-1
GTGTAACTCGTCGCTT-1,pc_pc2_GTGTAACTCGTCGCTT-1
GTGTCCTCAGTAGATA-1,pc_pc2_GTGTCCTCAGTAGATA-1
GTGTGATTCCGTATGA-1,pc_pc2_GTGTGATTCCGTATGA-1
GTGTGGCAGTTTCAGC-1,pc_pc2_GTGTGGCAGTTTCAGC-1
GTGTTAGGTGTGCCTG-1,pc_pc2_GTGTTAGGTGTGCCTG-1
GTGTTCCTCTACCACC-1,pc_pc2_GTGTTCCTCTACCACC-1
GTTACAGTCAGACATC-1,pc_pc2_GTTACAGTCAGACATC-1
GTTAGTGGTAGACGTG-1,pc_pc2_GTTAGTGGTAGACGTG-1
GTTATGGAGGCGAAGG-1,pc_pc2_GTTATGGAGGCGAAGG-1
GTTCATTTCGATTGGT-1,pc_pc2_GTTCATTTCGATTGGT-1
GTTCCGTTCTCGCGTT-1,pc_pc2_GTTCCGTTCTCGCGTT-1
GTTCGCTGTTGAATCC-1,pc_pc2_GTTCGCTGTTGAATCC-1
GTTCTATAGCGCCATC-1,pc_pc2_GTTCTATAGCGCCATC-1
GTTCTATCACGACCTG-1,pc_pc2_GTTCTATCACGACCTG-1
GTTGTAGTCTCGTGGG-1,pc_pc2_GTTGTAGTCTCGTGGG-1
GTTGTCCCAACGGGTA-1,pc_pc2_GTTGTCCCAACGGGTA-1
GTTGTCCCATCAGTGT-1,pc_pc2_GTTGTCCCATCAGTGT-1
GTTGTGAGTGTCCGGT-1,pc_pc2_GTTGTGAGTGTCCGGT-1
GTTTACTTCATTTGCT-1,pc_pc2_GTTTACTTCATTTGCT-1
GTTTACTTCGCGTAGC-1,pc_pc2_GTTTACTTCGCGTAGC-1
GTTTGGAGTATGATCC-1,pc_pc2_GTTTGGAGTATGATCC-1
TAACCAGCATCTAACG-1,pc_pc2_TAACCAGCATCTAACG-1
TAACGACCACTTCAGA-1,pc_pc2_TAACGACCACTTCAGA-1
TAACTTCGTGATACAA-1,pc_pc2_TAACTTCGTGATACAA-1
TAACTTCGTGTGTACT-1,pc_pc2_TAACTTCGTGTGTACT-1
TAAGCACGTGGCCACT-1,pc_pc2_TAAGCACGTGGCCACT-1
TAAGCACTCATGGAGG-1,pc_pc2_TAAGCACTCATGGAGG-1
TAAGCCAGTATTCCTT-1,pc_pc2_TAAGCCAGTATTCCTT-1
TAAGCCATCGTAATGC-1,pc_pc2_TAAGCCATCGTAATGC-1
TAAGCGTTCGCTGACG-1,pc_pc2_TAAGCGTTCGCTGACG-1
TACCCACTCACCGGGT-1,pc_pc2_TACCCACTCACCGGGT-1
TACCCACTCCACGGGT-1,pc_pc2_TACCCACTCCACGGGT-1
TACCCACTCTCGCCTA-1,pc_pc2_TACCCACTCTCGCCTA-1
TACCCGTTCTTCGGTC-1,pc_pc2_TACCCGTTCTTCGGTC-1
TACCGAATCCACACCT-1,pc_pc2_TACCGAATCCACACCT-1
TACCGAATCTGCCCTA-1,pc_pc2_TACCGAATCTGCCCTA-1
TACCGGGCATGGCACC-1,pc_pc2_TACCGGGCATGGCACC-1
TACCGGGTCCTTTAGT-1,pc_pc2_TACCGGGTCCTTTAGT-1
TACCTCGAGAAGCCTG-1,pc_pc2_TACCTCGAGAAGCCTG-1
TACCTCGGTACTGAGG-1,pc_pc2_TACCTCGGTACTGAGG-1
TACCTCGGTTATTCTC-1,pc_pc2_TACCTCGGTTATTCTC-1
TACCTGCGTACAGTCT-1,pc_pc2_TACCTGCGTACAGTCT-1
TACGCTCAGACTAAGT-1,pc_pc2_TACGCTCAGACTAAGT-1
TACGGTAAGCTCAGAG-1,pc_pc2_TACGGTAAGCTCAGAG-1
TACGGTACACCGTCTT-1,pc_pc2_TACGGTACACCGTCTT-1
TACGGTATCCCTTCCC-1,pc_pc2_TACGGTATCCCTTCCC-1
TACGTCCTCAAATGCC-1,pc_pc2_TACGTCCTCAAATGCC-1
TACTGCCAGCCGAATG-1,pc_pc2_TACTGCCAGCCGAATG-1
TACTGCCCAGACACCC-1,pc_pc2_TACTGCCCAGACACCC-1
TACTGCCTCCTGGGTG-1,pc_pc2_TACTGCCTCCTGGGTG-1
TACTTACAGCGATCGA-1,pc_pc2_TACTTACAGCGATCGA-1
TACTTACGTCACGTGC-1,pc_pc2_TACTTACGTCACGTGC-1
TACTTCACACACACTA-1,pc_pc2_TACTTCACACACACTA-1
TACTTCACAGCCGTCA-1,pc_pc2_TACTTCACAGCCGTCA-1
TACTTCACATCGGCCA-1,pc_pc2_TACTTCACATCGGCCA-1
TAGACTGGTATGGGAC-1,pc_pc2_TAGACTGGTATGGGAC-1
TAGAGTCGTAGCGCCT-1,pc_pc2_TAGAGTCGTAGCGCCT-1
TAGAGTCTCCTACAAG-1,pc_pc2_TAGAGTCTCCTACAAG-1
TAGATCGTCGTGGCTG-1,pc_pc2_TAGATCGTCGTGGCTG-1
TAGCACAAGCATGATA-1,pc_pc2_TAGCACAAGCATGATA-1
TAGCACAGTCTGCGCA-1,pc_pc2_TAGCACAGTCTGCGCA-1
TAGCACAGTTCGGTTA-1,pc_pc2_TAGCACAGTTCGGTTA-1
TAGGAGGTCGCAATTG-1,pc_pc2_TAGGAGGTCGCAATTG-1
TAGGTACAGAGCAACC-1,pc_pc2_TAGGTACAGAGCAACC-1
TAGTGCACAGTGCGCT-1,pc_pc2_TAGTGCACAGTGCGCT-1
TATACCTAGCGAGTCA-1,pc_pc2_TATACCTAGCGAGTCA-1
TATACCTAGTGAATAC-1,pc_pc2_TATACCTAGTGAATAC-1
TATCCTAGTTACCGTA-1,pc_pc2_TATCCTAGTTACCGTA-1
TATCTTGTCCGCCTAT-1,pc_pc2_TATCTTGTCCGCCTAT-1
TATTTCGCAGACACCC-1,pc_pc2_TATTTCGCAGACACCC-1
TCAAGACCATCTCAAG-1,pc_pc2_TCAAGACCATCTCAAG-1
TCAAGACGTTGATCGT-1,pc_pc2_TCAAGACGTTGATCGT-1
TCAAGCAAGATGCTTC-1,pc_pc2_TCAAGCAAGATGCTTC-1
TCAAGCACAAGCCCAC-1,pc_pc2_TCAAGCACAAGCCCAC-1
TCAAGTGAGCAAACAT-1,pc_pc2_TCAAGTGAGCAAACAT-1
TCAAGTGCAAAGCTCT-1,pc_pc2_TCAAGTGCAAAGCTCT-1
TCAAGTGCACCACATA-1,pc_pc2_TCAAGTGCACCACATA-1
TCAATCTTCATGTCTT-1,pc_pc2_TCAATCTTCATGTCTT-1
TCAATTCCACTCCTGT-1,pc_pc2_TCAATTCCACTCCTGT-1
TCACAAGAGTATCTGC-1,pc_pc2_TCACAAGAGTATCTGC-1
TCACAAGTCAGGAAAT-1,pc_pc2_TCACAAGTCAGGAAAT-1
TCACGGGGTCCTCAGG-1,pc_pc2_TCACGGGGTCCTCAGG-1
TCAGTCCAGTGGCAGT-1,pc_pc2_TCAGTCCAGTGGCAGT-1
TCAGTGACATAGGTAA-1,pc_pc2_TCAGTGACATAGGTAA-1
TCAGTTTAGCTGAGCA-1,pc_pc2_TCAGTTTAGCTGAGCA-1
TCATACTTCAAATAGG-1,pc_pc2_TCATACTTCAAATAGG-1
TCATCCGAGAGAGTGA-1,pc_pc2_TCATCCGAGAGAGTGA-1
TCATCCGGTACAAACA-1,pc_pc2_TCATCCGGTACAAACA-1
TCATGCCAGCAGTACG-1,pc_pc2_TCATGCCAGCAGTACG-1
TCATGCCAGGTCGCCT-1,pc_pc2_TCATGCCAGGTCGCCT-1
TCATGGAAGTACAACA-1,pc_pc2_TCATGGAAGTACAACA-1
TCATTTGAGTGTAGTA-1,pc_pc2_TCATTTGAGTGTAGTA-1
TCATTTGCAACCGCTG-1,pc_pc2_TCATTTGCAACCGCTG-1
TCCACCAAGCTTCGTA-1,pc_pc2_TCCACCAAGCTTCGTA-1
TCCACCATCCAATCTT-1,pc_pc2_TCCACCATCCAATCTT-1
TCCAGAACATTGCCGG-1,pc_pc2_TCCAGAACATTGCCGG-1
TCCATCGCACCATTCC-1,pc_pc2_TCCATCGCACCATTCC-1
TCCATCGGTAGACTGG-1,pc_pc2_TCCATCGGTAGACTGG-1
TCCCACACAGTACTAC-1,pc_pc2_TCCCACACAGTACTAC-1
TCCCAGTCATAATGAG-1,pc_pc2_TCCCAGTCATAATGAG-1
TCCCATGTCACCTGGG-1,pc_pc2_TCCCATGTCACCTGGG-1
TCCGAAAAGGACAACC-1,pc_pc2_TCCGAAAAGGACAACC-1
TCCGATCAGCACTCTA-1,pc_pc2_TCCGATCAGCACTCTA-1
TCCGATCCAGCTATAC-1,pc_pc2_TCCGATCCAGCTATAC-1
TCCGGGAAGATCCTAC-1,pc_pc2_TCCGGGAAGATCCTAC-1
TCCTAATAGTAGTCCT-1,pc_pc2_TCCTAATAGTAGTCCT-1
TCCTAATTCGAGCACC-1,pc_pc2_TCCTAATTCGAGCACC-1
TCCTCCCTCGTCTCAC-1,pc_pc2_TCCTCCCTCGTCTCAC-1
TCCTCGAGTGTGTCGC-1,pc_pc2_TCCTCGAGTGTGTCGC-1
TCCTCTTGTGAGCAGT-1,pc_pc2_TCCTCTTGTGAGCAGT-1
TCCTTCTTCTTTGCAT-1,pc_pc2_TCCTTCTTCTTTGCAT-1
TCGACCTAGACGTCCC-1,pc_pc2_TCGACCTAGACGTCCC-1
TCGACGGGTAGTGCGA-1,pc_pc2_TCGACGGGTAGTGCGA-1
TCGCACTAGGAACTCG-1,pc_pc2_TCGCACTAGGAACTCG-1
TCGCACTAGGGAGTGG-1,pc_pc2_TCGCACTAGGGAGTGG-1
TCGCACTCACCGGAAA-1,pc_pc2_TCGCACTCACCGGAAA-1
TCGCAGGAGTATAGGT-1,pc_pc2_TCGCAGGAGTATAGGT-1
TCGCTTGAGCCTGTGC-1,pc_pc2_TCGCTTGAGCCTGTGC-1
TCGCTTGGTCACTAGT-1,pc_pc2_TCGCTTGGTCACTAGT-1
TCGGGACTCAACTACG-1,pc_pc2_TCGGGACTCAACTACG-1
TCGGGTGGTACCTAGT-1,pc_pc2_TCGGGTGGTACCTAGT-1
TCGGGTGTCACGTAGT-1,pc_pc2_TCGGGTGTCACGTAGT-1
TCGGGTGTCGACGACC-1,pc_pc2_TCGGGTGTCGACGACC-1
TCGTAGATCTTACTGT-1,pc_pc2_TCGTAGATCTTACTGT-1
TCGTGCTCATGGAGAC-1,pc_pc2_TCGTGCTCATGGAGAC-1
TCGTGGGAGAGGACTC-1,pc_pc2_TCGTGGGAGAGGACTC-1
TCGTGGGGTATGCTAC-1,pc_pc2_TCGTGGGGTATGCTAC-1
TCTAACTTCAAACGTC-1,pc_pc2_TCTAACTTCAAACGTC-1
TCTACATGTTTCACTT-1,pc_pc2_TCTACATGTTTCACTT-1
TCTACCGTCGAGCTGC-1,pc_pc2_TCTACCGTCGAGCTGC-1
TCTATACGTTGCTTGA-1,pc_pc2_TCTATACGTTGCTTGA-1
TCTATCATCAGCGCGT-1,pc_pc2_TCTATCATCAGCGCGT-1
TCTCAGCCATCTCAAG-1,pc_pc2_TCTCAGCCATCTCAAG-1
TCTCCGACAAGCCCAC-1,pc_pc2_TCTCCGACAAGCCCAC-1
TCTCTGGCACGTCGGT-1,pc_pc2_TCTCTGGCACGTCGGT-1
TCTCTGGGTGCCGTAC-1,pc_pc2_TCTCTGGGTGCCGTAC-1
TCTCTGGTCACCCTGT-1,pc_pc2_TCTCTGGTCACCCTGT-1
TCTGTCGCACTGTGTA-1,pc_pc2_TCTGTCGCACTGTGTA-1
TCTGTCGTCAGCGTCG-1,pc_pc2_TCTGTCGTCAGCGTCG-1
TCTTAGTGTAGTGGCA-1,pc_pc2_TCTTAGTGTAGTGGCA-1
TCTTAGTTCACCCATC-1,pc_pc2_TCTTAGTTCACCCATC-1
TCTTAGTTCTCGCTCA-1,pc_pc2_TCTTAGTTCTCGCTCA-1
TCTTGCGCATCGATCA-1,pc_pc2_TCTTGCGCATCGATCA-1
TGAACGTAGTTAGTAG-1,pc_pc2_TGAACGTAGTTAGTAG-1
TGAATGCAGTCCGCGT-1,pc_pc2_TGAATGCAGTCCGCGT-1
TGAATGCCAATGTCAC-1,pc_pc2_TGAATGCCAATGTCAC-1
TGACAGTAGAGGGTCT-1,pc_pc2_TGACAGTAGAGGGTCT-1
TGACAGTGTGAGTTGG-1,pc_pc2_TGACAGTGTGAGTTGG-1
TGACCCTCAAGGCTTT-1,pc_pc2_TGACCCTCAAGGCTTT-1
TGACCCTTCAAGCCAT-1,pc_pc2_TGACCCTTCAAGCCAT-1
TGACGCGGTGATGGCA-1,pc_pc2_TGACGCGGTGATGGCA-1
TGACGCGTCATCCCGT-1,pc_pc2_TGACGCGTCATCCCGT-1
TGAGCATAGGGTAATT-1,pc_pc2_TGAGCATAGGGTAATT-1
TGAGCATCAATCAGCT-1,pc_pc2_TGAGCATCAATCAGCT-1
TGAGCGCTCTCTTAAC-1,pc_pc2_TGAGCGCTCTCTTAAC-1
TGAGGGACAGAACGCA-1,pc_pc2_TGAGGGACAGAACGCA-1
TGAGGTTGTTCAAAGA-1,pc_pc2_TGAGGTTGTTCAAAGA-1
TGAGGTTTCTGCGGCA-1,pc_pc2_TGAGGTTTCTGCGGCA-1
TGAGTCACAACGAGGT-1,pc_pc2_TGAGTCACAACGAGGT-1
TGAGTCATCGACCACG-1,pc_pc2_TGAGTCATCGACCACG-1
TGATCAGCAAAGTGTA-1,pc_pc2_TGATCAGCAAAGTGTA-1
TGATCTTAGCACTGGA-1,pc_pc2_TGATCTTAGCACTGGA-1
TGATGCAGTTCTCACC-1,pc_pc2_TGATGCAGTTCTCACC-1
TGATGCATCAAACCTG-1,pc_pc2_TGATGCATCAAACCTG-1
TGCAGATGTGGATCAG-1,pc_pc2_TGCAGATGTGGATCAG-1
TGCAGGCAGTTGTAGA-1,pc_pc2_TGCAGGCAGTTGTAGA-1
TGCATCCTCCAACCGG-1,pc_pc2_TGCATCCTCCAACCGG-1
TGCATGAAGTATAGAC-1,pc_pc2_TGCATGAAGTATAGAC-1
TGCGATAGTCTTCTAT-1,pc_pc2_TGCGATAGTCTTCTAT-1
TGCGATATCGCTGTTC-1,pc_pc2_TGCGATATCGCTGTTC-1
TGCGGCAAGCATTGTC-1,pc_pc2_TGCGGCAAGCATTGTC-1
TGCGGCATCGAATCCA-1,pc_pc2_TGCGGCATCGAATCCA-1
TGCGGGTAGCTCTTCC-1,pc_pc2_TGCGGGTAGCTCTTCC-1
TGCTCCACACCCTGTT-1,pc_pc2_TGCTCCACACCCTGTT-1
TGCTGAACACGCGTCA-1,pc_pc2_TGCTGAACACGCGTCA-1
TGCTGAAGTATAATGG-1,pc_pc2_TGCTGAAGTATAATGG-1
TGCTTGCAGGACTGGT-1,pc_pc2_TGCTTGCAGGACTGGT-1
TGCTTGCAGGCATCAG-1,pc_pc2_TGCTTGCAGGCATCAG-1
TGGAACTCAGTCTGGC-1,pc_pc2_TGGAACTCAGTCTGGC-1
TGGAACTGTGTTCGAT-1,pc_pc2_TGGAACTGTGTTCGAT-1
TGGAGGAGTAACGCGA-1,pc_pc2_TGGAGGAGTAACGCGA-1
TGGAGGATCCCAGGCA-1,pc_pc2_TGGAGGATCCCAGGCA-1
TGGATCACACGACTAT-1,pc_pc2_TGGATCACACGACTAT-1
TGGATCACAGAAGTGC-1,pc_pc2_TGGATCACAGAAGTGC-1
TGGATCAGTCAACGCC-1,pc_pc2_TGGATCAGTCAACGCC-1
TGGATCATCAATCGGT-1,pc_pc2_TGGATCATCAATCGGT-1
TGGATGTTCCGTCCTA-1,pc_pc2_TGGATGTTCCGTCCTA-1
TGGATGTTCTTCTGGC-1,pc_pc2_TGGATGTTCTTCTGGC-1
TGGCGTGCAAAGAACT-1,pc_pc2_TGGCGTGCAAAGAACT-1
TGGCGTGGTGTGATGG-1,pc_pc2_TGGCGTGGTGTGATGG-1
TGGCGTGTCCCTGGTT-1,pc_pc2_TGGCGTGTCCCTGGTT-1
TGGGAGATCGCAGATT-1,pc_pc2_TGGGAGATCGCAGATT-1
TGGGCGTCACTGAGGA-1,pc_pc2_TGGGCGTCACTGAGGA-1
TGGGCTGAGGTCTTTG-1,pc_pc2_TGGGCTGAGGTCTTTG-1
TGGGCTGCAGGTTCAT-1,pc_pc2_TGGGCTGCAGGTTCAT-1
TGGGCTGTCTATCGCC-1,pc_pc2_TGGGCTGTCTATCGCC-1
TGGGTTAAGTGGACTG-1,pc_pc2_TGGGTTAAGTGGACTG-1
TGGGTTACAGTCTTCC-1,pc_pc2_TGGGTTACAGTCTTCC-1
TGGTACAGTGTCACAT-1,pc_pc2_TGGTACAGTGTCACAT-1
TGGTGATAGGAATCGC-1,pc_pc2_TGGTGATAGGAATCGC-1
TGTAACGCAAGCGCTC-1,pc_pc2_TGTAACGCAAGCGCTC-1
TGTAACGGTTGGTACT-1,pc_pc2_TGTAACGGTTGGTACT-1
TGTAAGCTCCGCGGAT-1,pc_pc2_TGTAAGCTCCGCGGAT-1
TGTCAGAGTCAGCTTA-1,pc_pc2_TGTCAGAGTCAGCTTA-1
TGTCCTGCACTACCGG-1,pc_pc2_TGTCCTGCACTACCGG-1
TGTCCTGGTGGTCTAT-1,pc_pc2_TGTCCTGGTGGTCTAT-1
TGTGAGTAGTGAGCCA-1,pc_pc2_TGTGAGTAGTGAGCCA-1
TGTGCGGGTGCGAACA-1,pc_pc2_TGTGCGGGTGCGAACA-1
TGTGCGGTCTGGTGCG-1,pc_pc2_TGTGCGGTCTGGTGCG-1
TGTGGCGGTACTGAGG-1,pc_pc2_TGTGGCGGTACTGAGG-1
TGTGTGAGTACTCAAC-1,pc_pc2_TGTGTGAGTACTCAAC-1
TGTTACTGTTTGCAGT-1,pc_pc2_TGTTACTGTTTGCAGT-1
TGTTCATAGGTCTTTG-1,pc_pc2_TGTTCATAGGTCTTTG-1
TGTTCATGTCGTGGTC-1,pc_pc2_TGTTCATGTCGTGGTC-1
TGTTCATGTGGATTTC-1,pc_pc2_TGTTCATGTGGATTTC-1
TGTTCATTCACTGCTC-1,pc_pc2_TGTTCATTCACTGCTC-1
TGTTCCGCATCGGTTA-1,pc_pc2_TGTTCCGCATCGGTTA-1
TGTTCTATCCTGTACC-1,pc_pc2_TGTTCTATCCTGTACC-1
TGTTCTATCGATTGAC-1,pc_pc2_TGTTCTATCGATTGAC-1
TGTTGAGAGTTCCAGT-1,pc_pc2_TGTTGAGAGTTCCAGT-1
TGTTGAGTCCCGTTGT-1,pc_pc2_TGTTGAGTCCCGTTGT-1
TGTTGGAAGTGAACAT-1,pc_pc2_TGTTGGAAGTGAACAT-1
TGTTGGATCCGATGTA-1,pc_pc2_TGTTGGATCCGATGTA-1
TGTTTGTGTGGAACAC-1,pc_pc2_TGTTTGTGTGGAACAC-1
TTACCATGTACAAAGT-1,pc_pc2_TTACCATGTACAAAGT-1
TTACCGCCAATCGCCG-1,pc_pc2_TTACCGCCAATCGCCG-1
TTACGTTCAGGTCAAG-1,pc_pc2_TTACGTTCAGGTCAAG-1
TTACTGTCATGCAGGA-1,pc_pc2_TTACTGTCATGCAGGA-1
TTATTGCTCGTTACCC-1,pc_pc2_TTATTGCTCGTTACCC-1
TTCACCGCACCTGCTT-1,pc_pc2_TTCACCGCACCTGCTT-1
TTCACCGCATACACCA-1,pc_pc2_TTCACCGCATACACCA-1
TTCACCGGTCCTACGG-1,pc_pc2_TTCACCGGTCCTACGG-1
TTCACCGTCCAACTGA-1,pc_pc2_TTCACCGTCCAACTGA-1
TTCACGCTCCCTCAAC-1,pc_pc2_TTCACGCTCCCTCAAC-1
TTCAGGATCTGCCTGT-1,pc_pc2_TTCAGGATCTGCCTGT-1
TTCATGTGTTCGGCTG-1,pc_pc2_TTCATGTGTTCGGCTG-1
TTCATTGGTTCGAAGG-1,pc_pc2_TTCATTGGTTCGAAGG-1
TTCCAATCACTGGACC-1,pc_pc2_TTCCAATCACTGGACC-1
TTCCAATCAGGTCCCA-1,pc_pc2_TTCCAATCAGGTCCCA-1
TTCCACGAGCAGAAAG-1,pc_pc2_TTCCACGAGCAGAAAG-1
TTCCGGTCACGGTGTC-1,pc_pc2_TTCCGGTCACGGTGTC-1
TTCCGTGTCACGAACT-1,pc_pc2_TTCCGTGTCACGAACT-1
TTCCTCTCATCCGCGA-1,pc_pc2_TTCCTCTCATCCGCGA-1
TTCCTTCTCACTCACC-1,pc_pc2_TTCCTTCTCACTCACC-1
TTCGATTAGCTGAGTG-1,pc_pc2_TTCGATTAGCTGAGTG-1
TTCGATTTCCTATTTG-1,pc_pc2_TTCGATTTCCTATTTG-1
TTCTAGTGTGCGAGTA-1,pc_pc2_TTCTAGTGTGCGAGTA-1
TTCTCTCGTCTTACTT-1,pc_pc2_TTCTCTCGTCTTACTT-1
TTCTCTCTCGATGCAT-1,pc_pc2_TTCTCTCTCGATGCAT-1
TTGAGTGAGGGTTAGC-1,pc_pc2_TTGAGTGAGGGTTAGC-1
TTGAGTGTCACTCGAA-1,pc_pc2_TTGAGTGTCACTCGAA-1
TTGAGTGTCTAGCCTC-1,pc_pc2_TTGAGTGTCTAGCCTC-1
TTGCCTGTCAAGGAGC-1,pc_pc2_TTGCCTGTCAAGGAGC-1
TTGCGTCTCCCGTGAG-1,pc_pc2_TTGCGTCTCCCGTGAG-1
TTGCTGCCACCTGCTT-1,pc_pc2_TTGCTGCCACCTGCTT-1
TTGCTGCTCAAGCCAT-1,pc_pc2_TTGCTGCTCAAGCCAT-1
TTGCTGCTCAATCTCT-1,pc_pc2_TTGCTGCTCAATCTCT-1
TTGGATGCATGTGACT-1,pc_pc2_TTGGATGCATGTGACT-1
TTGGATGCATTACTCT-1,pc_pc2_TTGGATGCATTACTCT-1
TTGGGATCACAGCCTG-1,pc_pc2_TTGGGATCACAGCCTG-1
TTGGGATCACGTGTGC-1,pc_pc2_TTGGGATCACGTGTGC-1
TTGGGTAAGGATGGCT-1,pc_pc2_TTGGGTAAGGATGGCT-1
TTGGGTACATCTAGAC-1,pc_pc2_TTGGGTACATCTAGAC-1
TTGGTTTAGAAATGGG-1,pc_pc2_TTGGTTTAGAAATGGG-1
TTGGTTTAGTAGACAT-1,pc_pc2_TTGGTTTAGTAGACAT-1
TTGGTTTGTATGCGGA-1,pc_pc2_TTGGTTTGTATGCGGA-1
TTGGTTTTCAGACTGT-1,pc_pc2_TTGGTTTTCAGACTGT-1
TTGTGGAAGTGGTGGT-1,pc_pc2_TTGTGGAAGTGGTGGT-1
TTGTGGAGTTAGGACG-1,pc_pc2_TTGTGGAGTTAGGACG-1
TTGTGTTCACCAAAGG-1,pc_pc2_TTGTGTTCACCAAAGG-1
TTGTGTTGTGCCTTCT-1,pc_pc2_TTGTGTTGTGCCTTCT-1
TTGTTGTCAGCGGATA-1,pc_pc2_TTGTTGTCAGCGGATA-1
TTGTTGTGTAGGTACG-1,pc_pc2_TTGTTGTGTAGGTACG-1
TTGTTTGCATAGTCAC-1,pc_pc2_TTGTTTGCATAGTCAC-1
TTGTTTGGTGGAGGTT-1,pc_pc2_TTGTTTGGTGGAGGTT-1
TTGTTTGGTTGTTGAC-1,pc_pc2_TTGTTTGGTTGTTGAC-1
TTTACCAAGCACGGAT-1,pc_pc2_TTTACCAAGCACGGAT-1
TTTACGTTCAATCGGT-1,pc_pc2_TTTACGTTCAATCGGT-1
TTTATGCAGGGACAGG-1,pc_pc2_TTTATGCAGGGACAGG-1
TTTCACATCGTGGACC-1,pc_pc2_TTTCACATCGTGGACC-1
TTTCATGCACCGTCGA-1,pc_pc2_TTTCATGCACCGTCGA-1
TTTCCTCGTCTGTAAC-1,pc_pc2_TTTCCTCGTCTGTAAC-1
TTTGACTAGCGAACTG-1,pc_pc2_TTTGACTAGCGAACTG-1
TTTGACTTCGACGCTG-1,pc_pc2_TTTGACTTCGACGCTG-1
TTTGATCAGGTTGAGC-1,pc_pc2_TTTGATCAGGTTGAGC-1
TTTGGAGCATGTGCCG-1,pc_pc2_TTTGGAGCATGTGCCG-1