"","type","Gene.stable.ID"
"1","RLP","AT1G12040"
"2","CNL","AT1G61180"
"3","KIN","AT5G60320"
"4","KIN","AT3G55550"
"5","KIN","AT3G50310"
"6","N","AT5G45500"
"12","CK","AT5G65500"
"13","KIN","AT2G28940"
"14","CN","AT1G52660"
"15","TNL","AT1G17600"
"16","KIN","AT1G21590"
"17","TN","AT1G17615"
"18","TN","AT1G17610"
"19","CN","AT5G35450"
"20","RLP","AT4G03260"
"21","RLK","AT5G59670"
"22","NL","AT1G56520"
"23","TNL","AT1G56520"
"25","KIN","AT1G66930"
"27","L","AT2G30105"
"28","KIN","AT5G50860"
"29","KIN","AT1G18150"
"30","RLP","AT1G07390"
"32","KIN","AT1G23700"
"33","RLP","AT1G33612"
"34","KIN","AT4G23130"
"35","KIN","AT4G23050"
"36","KIN","AT4G23210"
"37","TN","AT1G72950"
"38","TN","AT1G72870"
"39","TN","AT1G72890"
"40","TN","AT1G72900"
"41","TN","AT1G72910"
"42","TN","AT1G72920"
"43","T","AT1G72930"
"44","TN","AT1G72940"
"45","KIN","AT5G19010"
"46","CK","AT5G16500"
"47","KIN","AT4G24400"
"48","KIN","AT4G24480"
"49","KIN","AT4G02420"
"50","KIN","AT4G02410"
"51","KIN","AT1G03740"
"52","NL","AT1G58390"
"53","T","AT4G19920"
"54","RLK","AT2G42290"
"55","RLP","AT4G29880"
"56","KIN","AT4G29810"
"57","KIN","AT4G29050"
"58","KIN","AT1G21240"
"59","KIN","AT3G13690"
"60","CT","AT1G47370"
"61","KIN","AT5G40030"
"62","RLK","AT2G02780"
"64","TNL","AT4G36140"
"65","RLK","AT4G37250"
"66","NL","AT3G25510"
"67","KIN","AT5G13530"
"68","CN","AT5G43730"
"71","RLK","AT2G31880"
"72","KIN","AT3G21450"
"73","RLP","AT1G74180"
"74","KIN","AT3G57750"
"75","KIN","AT3G57760"
"76","TNL","AT5G36930"
"77","KIN","AT1G08650"
"78","CNL","AT1G63350"
"80","RLK","AT3G21340"
"81","KIN","AT1G56720"
"82","KIN","AT3G05840"
"83","KIN","AT3G52890"
"84","KIN","AT3G45240"
"85","KIN","AT4G36950"
"86","KIN","AT3G09780"
"87","CK","AT4G38470"
"88","KIN","AT3G17410"
"89","KIN","AT4G08800"
"90","RLK","AT4G08850"
"91","KIN","AT5G24080"
"92","KIN","AT1G53570"
"93","RLK","AT1G63430"
"94","RLK","AT1G28440"
"95","KIN","AT1G28390"
"96","KIN","AT5G23580"
"97","KIN","AT1G54510"
"98","T","AT1G52900"
"99","KIN","AT4G04510"
"100","CN","AT5G47260"
"101","KIN","AT4G33950"
"102","RLK","AT5G44700"
"103","KIN","AT2G44830"
"104","KIN","AT5G60550"
"105","KIN","AT1G30570"
"106","RLK","AT4G39270"
"107","N","AT4G16990"
"108","CK","AT1G09000"
"109","CNL","AT3G50950"
"110","KIN","AT5G49470"
"111","RLK","AT2G27060"
"112","KIN","AT4G13190"
"115","RLK","AT2G19190"
"116","KIN","AT2G19130"
"117","CN","AT1G50180"
"118","KIN","AT3G59790"
"119","KIN","AT3G59740"
"120","KIN","AT3G59730"
"121","KIN","AT3G59750"
"122","KIN","AT2G18530"
"123","KIN","AT3G61160"
"125","KIN","AT5G39030"
"126","KIN","AT5G10520"
"127","RLK","AT2G24130"
"128","CK","AT3G18750"
"129","RLP","AT2G15042"
"130","RLK","AT2G14440"
"131","RLK","AT2G13800"
"132","RLK","AT1G66830"
"133","KIN","AT3G01490"
"134","KIN","AT4G19110"
"136","RLK","AT1G73080"
"137","TNL","AT5G11250"
"138","N","AT5G39040"
"139","KIN","AT1G65790"
"140","TNL","AT3G44480"
"141","TNL","AT1G72860"
"142","CK","AT5G65530"
"144","NLK","AT4G12020"
"149","KIN","AT4G35600"
"151","RLP","AT5G40170"
"152","KIN","AT4G21390"
"153","KIN","AT5G56790"
"154","CK","AT5G41990"
"156","KIN","AT4G13020"
"157","KIN","AT2G45490"
"158","RLK","AT4G03390"
"159","CK","AT5G26150"
"160","T","AT1G57850"
"161","KIN","AT1G57870"
"163","N","AT1G58410"
"164","CN","AT1G58400"
"165","KIN","AT2G40860"
"166","KIN","AT2G20470"
"169","KIN","AT1G04700"
"171","RLP","AT3G05660"
"172","RLP","AT3G05650"
"173","KIN","AT2G17290"
"174","KIN","AT2G46070"
"175","KIN","AT3G26700"
"176","RLP","AT1G25570"
"177","KIN","AT2G17530"
"178","KIN","AT5G18500"
"179","KIN","AT2G07180"
"180","NL","AT1G12210"
"182","TNL","AT1G63860"
"183","T","AT1G09665"
"184","KIN","AT4G05200"
"185","TNL","AT4G12010"
"187","KIN","AT5G38280"
"188","KIN","AT5G38260"
"189","KIN","AT2G37710"
"190","CK","AT4G04740"
"191","KIN","AT4G04720"
"192","CN","AT5G43470"
"194","CK","AT5G51270"
"195","RLK","AT1G75820"
"196","KIN","AT5G44290"
"197","KIN","AT4G35030"
"198","KIN","AT4G31100"
"199","KIN","AT5G47070"
"200","RLP","AT4G13820"
"201","KIN","AT1G24030"
"202","KIN","AT3G45440"
"203","RLK","AT5G63710"
"204","RLK","AT5G49660"
"205","KIN","AT3G50720"
"206","KIN","AT3G50730"
"208","TNL","AT4G16920"
"212","KIN","AT1G07150"
"213","KIN","AT4G23140"
"214","KIN","AT5G59270"
"215","RLP","AT3G59510"
"216","KIN","AT2G23080"
"217","NL","AT5G41740"
"218","RLK","AT5G01950"
"219","KIN","AT5G06740"
"224","T","AT1G51270"
"230","TNL","AT3G44400"
"232","KIN","AT3G11870"
"234","NL","AT5G45050"
"235","TNL","AT5G45050"
"236","KIN","AT2G35050"
"237","KIN","AT5G35980"
"238","RLK","AT1G51790"
"240","KIN","AT1G67000"
"241","KIN","AT1G48210"
"242","KIN","AT4G28980"
"243","CNT","AT4G16990"
"244","TNL","AT4G16950"
"245","CK","AT5G61550"
"247","CK","AT2G42960"
"248","KIN","AT4G04960"
"249","KIN","AT5G35960"
"251","KIN","AT5G04510"
"252","TNL","AT3G44630"
"253","TNL","AT5G51630"
"254","RLK","AT5G65710"
"255","RLK","AT5G65700"
"256","NL","AT2G16870"
"257","KIN","AT2G28250"
"261","KIN","AT4G04570"
"262","KIN","AT1G30640"
"265","KIN","AT4G21230"
"266","KIN","AT4G21366"
"267","CK","AT5G08590"
"268","KIN","AT5G15730"
"270","CN","AT5G43740"
"271","KIN","AT5G57630"
"272","KIN","AT3G24715"
"273","KIN","AT3G24540"
"274","KIN","AT2G18890"
"275","CK","AT4G14350"
"276","KIN","AT1G07570"
"277","RLK","AT1G10850"
"280","KIN","AT1G11410"
"282","CK","AT2G45910"
"283","KIN","AT1G59580"
"286","RLK","AT1G64210"
"287","KIN","AT3G09010"
"288","KIN","AT2G39660"
"289","N","AT3G05775"
"290","RLP","AT4G13810"
"291","RLP","AT3G19020"
"297","KIN","AT2G43230"
"298","KIN","AT1G61430"
"302","KIN","AT5G40440"
"303","KIN","AT2G43700"
"304","CK","AT3G49060"
"307","TNL","AT5G40910"
"308","CK","AT4G31230"
"309","RLK","AT4G29450"
"311","KIN","AT3G45330"
"312","KIN","AT1G72540"
"313","KIN","AT1G11330"
"314","KIN","AT1G11350"
"316","RLK","AT1G50610"
"317","L","AT5G07910"
"318","KIN","AT2G18170"
"319","KIN","AT3G17750"
"320","KIN","AT2G26700"
"321","CK","AT5G50000"
"322","RLP","AT5G49290"
"327","KIN","AT2G11520"
"328","CNL","AT3G14470"
"329","KIN","AT1G78530"
"330","KIN","AT3G51630"
"331","KIN","AT3G01085"
"334","RLP","AT3G57830"
"335","KIN","AT1G09440"
"336","CK","AT4G25390"
"337","KIN","AT1G66460"
"338","KIN","AT4G26070"
"339","KIN","AT1G16670"
"340","RLK","AT3G28040"
"342","KIN","AT1G49730"
"343","RLP","AT2G42800"
"345","RLK","AT4G33430"
"346","CK","AT2G07020"
"347","KIN","AT1G21245"
"349","RLK","AT5G37450"
"350","RLK","AT5G24100"
"351","KIN","AT4G21400"
"352","CN","AT4G27190"
"353","KIN","AT2G02800"
"355","KIN","AT5G54590"
"356","KIN","AT1G09840"
"357","KIN","AT3G28690"
"358","RLP","AT3G28890"
"359","TNL","AT4G14370"
"360","TNL","AT5G46270"
"361","KIN","AT3G10540"
"362","KIN","AT5G66850"
"363","CLK","AT5G67200"
"364","RLK","AT5G65240"
"365","RLK","AT3G47570"
"366","KIN","AT5G03140"
"367","KIN","AT3G22420"
"369","RLK","AT1G62950"
"370","KIN","AT5G63370"
"372","KIN","AT1G06700"
"373","KIN","AT2G39110"
"374","KIN","AT3G52530"
"375","CNT","AT4G09420"
"376","KIN","AT5G58940"
"377","KIN","AT5G59010"
"378","RLK","AT1G60800"
"379","KIN","AT4G23320"
"382","KIN","AT1G48260"
"386","KIN","AT3G46930"
"388","RLK","AT2G37050"
"389","RLP","AT4G29240"
"391","CK","AT1G33770"
"392","RLK","AT4G39400"
"393","RLK","AT1G17750"
"394","KIN","AT3G45860"
"395","KIN","AT3G45920"
"396","KIN","AT3G63260"
"397","KIN","AT3G63280"
"399","RLP","AT2G19780"
"400","KIN","AT1G73660"
"401","KIN","AT1G80640"
"402","RLP","AT3G17640"
"403","RLK","AT5G62230"
"404","TNL","AT3G25505"
"405","TNL","AT4G16900"
"407","KIN","AT3G62220"
"408","RLK","AT1G07650"
"409","KIN","AT1G07870"
"410","N","AT3G15700"
"411","RLK","AT4G22130"
"412","NL","AT1G27180"
"413","CK","AT3G53030"
"415","CN","AT5G45520"
"417","RLP","AT3G25020"
"418","RLK","AT5G45840"
"419","RLP","AT3G24900"
"420","RLP","AT3G25010"
"421","CTNL","AT5G46450"
"422","TNL","AT5G22690"
"423","RLK","AT5G16900"
"424","KIN","AT1G61550"
"425","KIN","AT1G61460"
"426","KIN","AT1G61480"
"427","KIN","AT1G61490"
"428","KIN","AT1G26970"
"429","N","AT1G12280"
"430","KIN","AT4G27300"
"432","RLK","AT4G20790"
"434","KIN","AT4G23280"
"435","KIN","AT4G23240"
"436","KIN","AT4G23200"
"437","KIN","AT4G23250"
"438","T","AT4G23515"
"440","RLK","AT1G29730"
"441","RLK","AT1G29740"
"442","RLK","AT1G29750"
"443","KIN","AT1G65800"
"444","KIN","AT5G42440"
"445","RLP","AT3G49750"
"446","RLK","AT2G19230"
"447","RLP","AT3G43740"
"448","KIN","AT1G16260"
"449","KIN","AT1G16270"
"450","CK","AT1G64630"
"452","TNL","AT3G04220"
"453","KIN","AT3G12200"
"454","RLK","AT1G56140"
"455","KIN","AT3G23000"
"456","RLP","AT3G23010"
"457","KIN","AT2G39180"
"459","CN","AT1G58807"
"460","CN","AT1G59124"
"461","KIN","AT3G24550"
"462","RLP","AT3G24480"
"463","RLK","AT3G02130"
"464","KIN","AT1G73690"
"466","TNL","AT1G72840"
"467","RLK","AT1G04210"
"468","TNL","AT3G44670"
"470","KIN","AT5G22840"
"473","KIN","AT3G59350"
"476","KIN","AT1G34300"
"478","RLP","AT5G61240"
"479","KIN","AT4G03230"
"482","KIN","AT2G30730"
"483","TNL","AT4G19500"
"484","KIN","AT3G45640"
"485","KIN","AT3G45670"
"486","TNL","AT4G16940"
"487","RLP","AT4G26050"
"488","KIN","AT1G20930"
"491","KIN","AT3G48750"
"492","KIN","AT5G03320"
"493","RLP","AT2G15080"
"494","KIN","AT1G70250"
"495","KIN","AT5G18610"
"497","KIN","AT3G17420"
"500","TNL","AT1G27180"
"501","RLK","AT4G34220"
"502","KIN","AT5G01810"
"503","KIN","AT3G46920"
"504","RLP","AT3G46350"
"505","RLK","AT3G46370"
"506","KIN","AT4G21410"
"508","NL","AT5G45200"
"509","KIN","AT4G01330"
"510","KIN","AT3G12690"
"511","NL","AT1G57650"
"514","CNL","AT1G51480"
"515","RLK","AT3G17840"
"516","CTNL","AT4G08450"
"517","CK","AT1G16440"
"518","RLP","AT1G58190"
"519","RLK","AT1G05700"
"521","KIN","AT3G04690"
"522","KIN","AT2G25220"
"523","KIN","AT2G30740"
"524","KIN","AT3G01840"
"525","KIN","AT3G17510"
"526","KIN","AT1G74330"
"527","TN","AT5G48780"
"529","CK","AT2G38490"
"531","KIN","AT5G21326"
"535","KIN","AT5G66710"
"536","KIN","AT4G14580"
"541","KIN","AT3G46355"
"542","KIN","AT1G80870"
"543","RLK","AT2G23950"
"544","KIN","AT1G52290"
"546","CK","AT4G10730"
"548","CNL","AT1G58848"
"549","CNL","AT1G59218"
"550","TNL","AT5G44510"
"551","KIN","AT4G28860"
"552","KIN","AT1G02970"
"553","CNL","AT5G47250"
"554","N","AT5G47280"
"555","N","AT4G33300"
"557","KIN","AT5G66790"
"558","TNL","AT1G63740"
"559","RLK","AT1G17230"
"561","CK","AT1G48490"
"562","CNL","AT1G12220"
"564","RLK","AT2G14510"
"565","KIN","AT1G76040"
"566","KIN","AT1G50990"
"567","KIN","AT2G32800"
"568","KIN","AT3G25490"
"569","CK","AT3G15220"
"570","NL","AT1G72840"
"572","NL","AT1G63750"
"573","KIN","AT3G04810"
"575","CNL","AT4G10780"
"577","RLP","AT5G23400"
"578","RLP","AT5G27060"
"580","KIN","AT5G57565"
"582","KIN","AT2G36350"
"583","RLK","AT5G07150"
"585","KIN","AT5G01560"
"586","KIN","AT5G01540"
"587","KIN","AT5G13290"
"591","KIN","AT3G53380"
"593","KIN","AT3G49370"
"594","TNL","AT4G11170"
"595","KIN","AT4G27290"
"596","KIN","AT2G16750"
"597","KIN","AT1G67470"
"598","RLK","AT1G78980"
"599","KIN","AT1G51660"
"600","CK","AT1G78940"
"601","KIN","AT1G51620"
"602","KIN","AT1G18670"
"603","KIN","AT4G08470"
"607","KIN","AT1G79600"
"608","RLK","AT4G29180"
"609","CLK","AT3G20190"
"610","CK","AT3G20200"
"612","RLK","AT2G28960"
"614","KIN","AT5G56460"
"615","CK","AT1G49160"
"616","KIN","AT1G63700"
"617","CK","AT1G79570"
"618","CK","AT2G45590"
"619","RLP","AT1G74170"
"620","RLP","AT1G74190"
"623","KIN","AT4G08500"
"624","KIN","AT1G49180"
"625","L","AT4G16880"
"626","TNL","AT4G16860"
"630","TN","AT4G16930"
"631","KIN","AT2G05940"
"633","CK","AT5G11020"
"636","RLP","AT1G13910"
"641","RLP","AT1G33590"
"642","TNL","AT4G19510"
"643","KIN","AT2G38620"
"645","KIN","AT1G10620"
"646","KIN","AT5G41260"
"648","KIN","AT2G28930"
"650","CK","AT2G32510"
"654","T","AT1G57830"
"655","RLP","AT1G61330"
"656","CK","AT3G06630"
"657","CNL","AT1G61310"
"658","KIN","AT2G20300"
"659","RLK","AT1G53430"
"660","KIN","AT5G58540"
"661","KIN","AT5G58520"
"663","CN","AT5G05400"
"664","RLP","AT1G78230"
"665","RLK","AT2G36570"
"666","KIN","AT3G14720"
"668","KIN","AT5G03640"
"670","RLK","AT3G47090"
"671","RLK","AT2G33170"
"672","RLK","AT3G47110"
"673","CL","AT5G45770"
"674","KIN","AT4G40010"
"675","RLK","AT5G35390"
"676","CK","AT5G35380"
"677","KIN","AT5G35370"
"678","KIN","AT3G44850"
"679","KIN","AT1G53700"
"680","RLK","AT1G53730"
"683","CLK","AT5G14210"
"690","RLK","AT3G03770"
"691","KIN","AT3G05140"
"692","RLK","AT1G35710"
"693","KIN","AT1G35670"
"694","KIN","AT4G04490"
"695","KIN","AT4G04500"
"696","NL","AT3G46730"
"702","KIN","AT1G70460"
"703","KIN","AT1G70450"
"704","KIN","AT1G70520"
"706","RLP","AT5G66330"
"711","RLP","AT2G34930"
"712","RLP","AT5G25910"
"713","KIN","AT5G39000"
"714","RLK","AT5G25930"
"715","KIN","AT5G38990"
"716","KIN","AT5G39020"
"718","KIN","AT4G04540"
"720","KIN","AT5G28080"
"725","KIN","AT4G32000"
"726","KIN","AT4G11900"
"730","KIN","AT4G35310"
"731","KIN","AT4G33080"
"734","KIN","AT1G78290"
"735","KIN","AT2G26980"
"736","NL","AT5G40910"
"737","CK","AT1G67890"
"738","KIN","AT1G67520"
"740","CNL","AT1G63360"
"745","L","AT3G49750"
"747","KIN","AT3G01300"
"749","KIN","AT5G58350"
"750","RLK","AT1G75640"
"751","TNL","AT1G31540"
"752","CK","AT1G72760"
"754","KIN","AT4G23180"
"763","CNL","AT1G12290"
"764","TNL","AT5G45210"
"765","TN","AT5G45210"
"766","CK","AT5G49470"
"767","KIN","AT1G53510"
"768","KIN","AT2G05060"
"769","RLK","AT2G16250"
"771","KIN","AT5G03730"
"772","N","AT3G07040"
"773","RLK","AT1G06840"
"774","TN","AT3G04210"
"775","N","AT3G03900"
"777","KIN","AT5G51770"
"778","CK","AT5G14720"
"779","RLP","AT1G73066"
"780","RLK","AT3G23750"
"781","KIN","AT3G04910"
"783","T","AT5G44920"
"784","RLK","AT5G61480"
"785","KIN","AT1G07880"
"789","CK","AT1G79640"
"792","KIN","AT5G28680"
"793","KIN","AT3G14370"
"794","CK","AT2G34650"
"795","RLK","AT3G14350"
"796","RLK","AT5G48380"
"799","CK","AT1G03920"
"800","CTNL","AT4G16890"
"801","CK","AT1G66880"
"803","KIN","AT5G55090"
"804","KIN","AT2G43850"
"805","KIN","AT5G35580"
"806","KIN","AT1G48220"
"808","KIN","AT1G11050"
"809","TNL","AT1G69550"
"810","KIN","AT3G04530"
"812","KIN","AT5G12180"
"814","KIN","AT3G59410"
"815","KIN","AT1G08720"
"816","CK","AT2G32850"
"818","KIN","AT2G23030"
"819","CK","AT2G23070"
"820","RLK","AT3G28450"
"821","CK","AT3G02810"
"822","RLK","AT3G02880"
"823","RLK","AT5G58150"
"824","TNL","AT5G58120"
"825","RLP","AT4G13340"
"827","N","AT4G28620"
"828","CN","AT3G46710"
"829","RLK","AT4G28650"
"830","KIN","AT4G28670"
"831","KIN","AT2G41970"
"833","KIN","AT5G35410"
"834","RLP","AT4G18760"
"835","KIN","AT4G23150"
"837","RLP","AT2G27060"
"839","T","AT4G23510"
"842","KIN","AT4G21380"
"843","KIN","AT4G31170"
"845","KIN","AT2G42640"
"846","RLK","AT1G31420"
"847","RLK","AT2G26330"
"848","CN","AT5G63020"
"849","TNL","AT5G41540"
"850","KIN","AT5G26751"
"851","RLK","AT3G57830"
"854","KIN","AT5G14640"
"855","CK","AT2G01450"
"857","RLK","AT5G45780"
"858","KIN","AT2G17220"
"859","RLK","AT5G07280"
"862","CT","AT5G45090"
"863","KIN","AT3G09240"
"864","TNL","AT5G41750"
"865","CLK","AT1G60630"
"867","KIN","AT1G54820"
"868","KIN","AT1G69790"
"869","KIN","AT1G01140"
"871","KIN","AT4G11460"
"874","KIN","AT5G39420"
"875","KIN","AT5G25440"
"876","RLK","AT5G39390"
"877","TNL","AT5G46490"
"879","KIN","AT1G03920"
"880","CK","AT3G53640"
"881","CN","AT5G47040"
"887","KIN","AT4G18950"
"888","KIN","AT4G00340"
"889","CK","AT4G21940"
"891","KIN","AT1G70530"
"893","RLK","AT5G07180"
"894","RLK","AT1G34110"
"895","KIN","AT1G69220"
"896","KIN","AT2G17520"
"899","KIN","AT1G01560"
"900","KIN","AT3G16030"
"901","T","AT1G57630"
"904","KIN","AT3G20830"
"905","RLP","AT3G20820"
"909","L","AT4G16162"
"911","KIN","AT3G50500"
"913","KIN","AT1G67580"
"914","KIN","AT2G43690"
"915","T","AT1G65390"
"916","KIN","AT1G68690"
"920","KIN","AT4G28350"
"923","KIN","AT4G00710"
"924","KIN","AT4G00720"
"925","KIN","AT1G53050"
"926","KIN","AT1G54610"
"927","CN","AT3G46530"
"931","KIN","AT5G63610"
"932","KIN","AT4G23290"
"933","KIN","AT4G23300"
"934","KIN","AT4G23310"
"935","TNL","AT4G36150"
"937","KIN","AT5G58140"
"939","NL","AT4G12020"
"940","RLK","AT3G51740"
"941","KIN","AT1G06390"
"942","KIN","AT5G07070"
"943","KIN","AT1G77280"
"950","KIN","AT2G24360"
"952","KIN","AT1G79250"
"953","KIN","AT2G31010"
"955","RLP","AT3G05360"
"956","RLP","AT3G05370"
"959","CN","AT5G48620"
"960","RLP","AT1G65380"
"961","RLK","AT1G79620"
"965","NL","AT5G66910"
"966","CNL","AT5G66890"
"967","CNL","AT5G66900"
"972","KIN","AT4G01370"
"973","TNL","AT5G17680"
"979","KIN","AT5G24970"
"981","CNL","AT1G12210"
"982","L","AT5G22320"
"989","RLK","AT1G51890"
"993","KIN","AT1G66920"
"998","KIN","AT5G46080"
"999","CL","AT1G12970"
"1004","KIN","AT2G17700"
"1005","KIN","AT1G12580"
"1006","RLK","AT4G29990"
"1008","KIN","AT1G66910"
"1014","CN","AT5G66900"
"1016","CK","AT1G17540"
"1017","CK","AT5G12000"
"1020","KIN","AT3G58690"
"1022","RLP","AT4G03010"
"1024","TNL","AT5G18370"
"1025","KIN","AT1G11340"
"1026","CK","AT1G50240"
"1032","KIN","AT4G13000"
"1034","RLK","AT1G09970"
"1036","CK","AT3G24190"
"1038","CTNL","AT5G17890"
"1039","KIN","AT3G57120"
"1040","KIN","AT5G67380"
"1041","KIN","AT4G35500"
"1042","RLP","AT1G54470"
"1043","RLK","AT3G46330"
"1049","CT","AT5G44900"
"1050","TNL","AT5G44870"
"1055","KIN","AT3G56050"
"1056","KIN","AT1G51870"
"1057","RLK","AT1G51860"
"1059","RLK","AT1G51830"
"1060","RLK","AT1G51820"
"1061","RLK","AT1G51850"
"1062","RLK","AT1G51800"
"1063","RLK","AT1G51810"
"1064","RLK","AT1G51805"
"1065","KIN","AT5G38210"
"1068","KIN","AT5G60090"
"1069","KIN","AT5G60080"
"1073","RLK","AT1G49100"
"1074","RLK","AT5G06820"
"1075","RLP","AT5G06860"
"1083","KIN","AT1G18350"
"1084","CK","AT1G18390"
"1086","KIN","AT2G23200"
"1087","RLP","AT3G63130"
"1088","KIN","AT3G54030"
"1090","KIN","AT1G70130"
"1091","TNL","AT4G16960"
"1095","N","AT1G59620"
"1099","KIN","AT1G61360"
"1100","RLK","AT4G20450"
"1103","CLK","AT5G43020"
"1104","KIN","AT4G00330"
"1107","RLK","AT1G51880"
"1108","KIN","AT1G11300"
"1113","KIN","AT1G52310"
"1115","RLK","AT2G20850"
"1116","RLP","AT5G12940"
"1117","KIN","AT3G21220"
"1118","KIN","AT4G38230"
"1119","KIN","AT2G30040"
"1123","CK","AT1G53165"
"1124","CN","AT1G53350"
"1125","N","AT1G58602"
"1126","KIN","AT3G27580"
"1127","KIN","AT3G27560"
"1128","RLK","AT5G49780"
"1130","CK","AT5G09890"
"1132","RLK","AT2G28970"
"1133","RLP","AT4G13920"
"1134","RLK","AT2G13790"
"1135","KIN","AT3G18040"
"1136","KIN","AT2G25090"
"1137","CK","AT1G16760"
"1138","NL","AT1G12220"
"1139","KIN","AT1G73670"
"1140","KIN","AT5G64960"
"1142","KIN","AT5G28290"
"1143","CK","AT4G25160"
"1144","T","AT5G45070"
"1145","T","AT5G45080"
"1147","RLP","AT3G53240"
"1148","KIN","AT1G61420"
"1152","KIN","AT5G41680"
"1153","TNL","AT5G41740"
"1154","KIN","AT5G41730"
"1156","CN","AT1G12280"
"1157","RLP","AT3G19320"
"1161","KIN","AT5G60280"
"1162","KIN","AT5G60270"
"1164","KIN","AT5G60310"
"1165","KIN","AT5G60300"
"1166","KIN","AT1G11280"
"1167","RLK","AT5G46330"
"1168","KIN","AT3G57700"
"1169","KIN","AT5G38240"
"1172","RLP","AT2G19330"
"1175","KIN","AT1G18160"
"1176","RLK","AT5G01890"
"1177","RLP","AT2G32660"
"1179","KIN","AT5G01850"
"1180","CK","AT1G60940"
"1182","KIN","AT3G08870"
"1183","CL","AT5G41820"
"1185","KIN","AT1G11303"
"1186","KIN","AT3G63340"
"1187","KIN","AT1G61440"
"1189","KIN","AT2G40120"
"1191","RLK","AT2G24230"
"1192","RLP","AT3G11010"
"1197","KIN","AT3G08730"
"1201","KIN","AT3G46290"
"1203","KIN","AT3G53840"
"1204","T","AT5G44910"
"1205","RLK","AT3G46340"
"1206","RLK","AT3G25560"
"1207","KIN","AT3G44200"
"1208","RLK","AT1G69990"
"1209","KIN","AT1G10210"
"1210","RLP","AT4G24490"
"1212","N","AT1G03030"
"1217","N","AT5G05400"
"1221","TNL","AT5G46510"
"1222","KIN","AT5G46570"
"1224","KIN","AT4G23190"
"1225","RLK","AT2G02220"
"1226","KIN","AT1G01540"
"1227","KIN","AT4G31110"
"1228","KIN","AT2G28590"
"1229","KIN","AT2G40270"
"1231","KIN","AT1G55200"
"1235","RLP","AT1G17240"
"1236","TNL","AT1G63750"
"1243","RLK","AT1G72180"
"1245","KIN","AT5G22050"
"1251","KIN","AT1G20650"
"1252","KIN","AT3G01090"
"1253","RLK","AT1G51870"
"1254","RLK","AT2G15300"
"1256","RLP","AT2G15320"
"1257","KIN","AT5G61570"
"1261","KIN","AT4G00960"
"1262","CK","AT5G20930"
"1264","RLK","AT5G59650"
"1266","CK","AT5G61560"
"1267","RLK","AT1G34210"
"1269","KIN","AT4G34500"
"1270","KIN","AT4G34440"
"1274","RLK","AT5G48940"
"1275","KIN","AT5G21222"
"1280","CK","AT5G10530"
"1281","KIN","AT3G19300"
"1282","TNL","AT1G63880"
"1284","KIN","AT1G67890"
"1286","KIN","AT1G17910"
"1287","KIN","AT5G02070"
"1294","CL","AT3G11330"
"1295","RLK","AT1G14390"
"1296","KIN","AT1G66980"
"1298","KIN","AT4G11890"
"1301","CK","AT1G69730"
"1303","KIN","AT5G19360"
"1305","CNT","AT1G72850"
"1306","KIN","AT4G00970"
"1308","KIN","AT5G58950"
"1309","L","AT5G06870"
"1313","CK","AT2G17170"
"1314","KIN","AT2G34290"
"1315","KIN","AT2G17090"
"1317","KIN","AT2G16620"
"1318","CNL","AT1G62630"
"1320","KIN","AT1G14370"
"1325","T","AT2G20142"
"1326","KIN","AT1G61400"
"1327","RLK","AT1G08590"
"1328","RLK","AT1G56130"
"1329","KIN","AT1G22720"
"1331","RLK","AT5G05160"
"1332","CK","AT1G71530"
"1333","KIN","AT1G33260"
"1336","KIN","AT4G17660"
"1337","KIN","AT3G29160"
"1339","RLP","AT1G62440"
"1341","KIN","AT1G62400"
"1342","KIN","AT3G53930"
"1343","KIN","AT5G18700"
"1344","KIN","AT5G38560"
"1346","RLK","AT4G28490"
"1347","RLP","AT1G28340"
"1348","CK","AT1G64300"
"1349","KIN","AT4G26610"
"1350","KIN","AT4G32710"
"1352","KIN","AT3G55450"
"1353","KIN","AT4G39110"
"1354","KIN","AT2G29250"
"1355","KIN","AT2G29220"
"1356","TNL","AT5G49140"
"1357","RLK","AT2G19210"
"1359","KIN","AT1G49270"
"1360","KIN","AT1G09600"
"1362","CK","AT5G02290"
"1366","RLK","AT5G10290"
"1369","NL","AT1G10920"
"1372","CK","AT4G24100"
"1373","TRAN","AT4G27680"
"1378","RLK","AT1G67510"
"1380","RLP","AT3G12145"
"1382","KIN","AT1G71530"
"1388","KIN","AT2G47060"
"1390","KIN","AT5G40540"
"1393","CK","AT2G24370"
"1394","KIN","AT1G25390"
"1398","RLK","AT1G25320"
"1399","KIN","AT3G26940"
"1401","RLK","AT1G71830"
"1402","KIN","AT3G09830"
"1403","KIN","AT2G48010"
"1404","KIN","AT1G15530"
"1405","CNL","AT1G59780"
"1406","KIN","AT1G74490"
"1411","NL","AT5G38350"
"1412","TNL","AT5G38340"
"1413","RLP","AT5G21090"
"1415","KIN","AT5G24360"
"1416","KIN","AT5G11410"
"1417","TNL","AT5G45060"
"1418","CK","AT4G23160"
"1421","KIN","AT3G58760"
"1422","KIN","AT3G58640"
"1424","KIN","AT3G45430"
"1425","KIN","AT3G45420"
"1428","RLK","AT2G28990"
"1429","RLK","AT2G29000"
"1430","KIN","AT3G45410"
"1432","RLK","AT2G01820"
"1433","RLP","AT2G26380"
"1439","KIN","AT3G13530"
"1440","CK","AT2G19410"
"1441","RLP","AT1G80080"
"1442","KIN","AT5G08160"
"1443","KIN","AT1G23540"
"1444","KIN","AT3G59700"
"1454","KIN","AT5G40380"
"1455","KIN","AT3G46140"
"1456","CK","AT3G46160"
"1457","KIN","AT1G66750"
"1459","KIN","AT1G70740"
"1465","CK","AT3G59420"
"1466","RLK","AT5G16590"
"1467","KIN","AT1G61500"
"1469","NL","AT1G61300"
"1470","TNL","AT5G17970"
"1471","CLK","AT2G07040"
"1472","CTNL","AT5G17880"
"1474","KIN","AT2G37840"
"1475","TNL","AT2G14080"
"1478","TN","AT5G40090"
"1479","TNL","AT5G40100"
"1480","KIN","AT5G24430"
"1481","CNL","AT5G40060"
"1489","CK","AT3G15890"
"1494","RLK","AT3G50230"
"1495","TNL","AT5G18360"
"1496","TNL","AT5G18350"
"1497","KIN","AT5G27510"
"1499","KIN","AT2G41140"
"1502","NL","AT4G09360"
"1504","KIN","AT5G25110"
"1505","KIN","AT2G42880"
"1506","RLK","AT5G62710"
"1507","TNL","AT5G45260"
"1508","KIN","AT4G30960"
"1510","KIN","AT5G66880"
"1511","KIN","AT2G26290"
"1512","N","AT2G14750"
"1517","RLK","AT3G13380"
"1518","KIN","AT1G61610"
"1519","RLP","AT1G49750"
"1520","KIN","AT2G18470"
"1521","CK","AT5G01920"
"1522","N","AT2G26140"
"1526","N","AT1G61300"
"1527","KIN","AT4G11490"
"1528","KIN","AT5G13160"
"1537","KIN","AT4G11470"
"1538","KIN","AT4G11480"
"1539","RLK","AT3G24660"
"1540","KIN","AT3G57720"
"1541","RLK","AT5G16000"
"1542","RLK","AT5G45800"
"1544","RLK","AT3G08680"
"1547","KIN","AT5G37790"
"1549","CK","AT5G65600"
"1550","RLK","AT4G23740"
"1551","CK","AT4G27290"
"1552","L","AT4G35470"
"1558","RLK","AT2G35620"
"1559","CK","AT5G58380"
"1560","RLK","AT4G22730"
"1562","RLK","AT1G34420"
"1563","CTNL","AT4G19530"
"1564","NL","AT5G38340"
"1568","KIN","AT1G61380"
"1569","KIN","AT3G54180"
"1570","CK","AT3G48260"
"1571","CNL","AT1G15890"
"1572","KIN","AT5G38250"
"1574","KIN","AT3G57740"
"1575","CN","AT1G61190"
"1576","CK","AT1G70430"
"1578","KIN","AT2G41930"
"1580","KIN","AT4G09570"
"1582","RLK","AT5G59680"
"1583","KIN","AT5G59700"
"1584","CK","AT3G18040"
"1585","KIN","AT3G08720"
"1598","RLK","AT3G47580"
"1602","KIN","AT5G55560"
"1604","KIN","AT4G32300"
"1605","CL","AT4G13880"
"1606","T","AT1G61105"
"1607","KIN","AT3G45790"
"1608","KIN","AT3G45780"
"1609","RLP","AT5G49750"
"1610","RLK","AT5G49760"
"1611","RLK","AT5G49770"
"1613","KIN","AT4G23270"
"1615","KIN","AT1G26150"
"1616","KIN","AT5G61350"
"1621","KIN","AT1G61390"
"1623","CK","AT3G17850"
"1624","KIN","AT1G21270"
"1625","CNL","AT4G27220"
"1626","KIN","AT1G21210"
"1627","KIN","AT1G21230"
"1629","KIN","AT5G10930"
"1632","RLK","AT1G07550"
"1634","RLK","AT1G07560"
"1636","KIN","AT5G57610"
"1642","TN","AT5G45240"
"1643","RLK","AT1G79670"
"1645","KIN","AT3G24790"
"1654","RLP","AT5G65830"
"1655","T","AT2G03300"
"1656","KIN","AT5G24010"
"1666","RLK","AT4G30520"
"1670","KIN","AT1G05100"
"1673","CL","AT5G05850"
"1674","KIN","AT3G22750"
"1677","RLP","AT1G49490"
"1684","CK","AT1G65190"
"1685","KIN","AT4G23260"
"1686","KIN","AT1G16120"
"1687","KIN","AT1G16110"
"1688","KIN","AT1G16160"
"1689","KIN","AT1G16130"
"1692","KIN","AT3G07980"
"1697","RLK","AT1G56145"
"1700","RLP","AT3G23120"
"1702","KIN","AT2G39360"
"1707","RLK","AT1G55610"
"1708","RLP","AT1G71390"
"1709","RLP","AT1G71400"
"1722","KIN","AT1G01740"
"1724","RLK","AT2G04300"
"1727","KIN","AT1G51940"
"1730","RLK","AT1G51910"
"1731","KIN","AT1G32320"
"1733","KIN","AT5G62310"
"1734","KIN","AT4G18710"
"1735","KIN","AT4G18250"
"1736","RLK","AT2G25790"
"1737","KIN","AT2G25880"
"1739","KIN","AT3G59830"
"1742","KIN","AT1G18390"
"1746","TNL","AT1G63730"
"1751","CK","AT3G06640"
"1754","RLK","AT4G20270"
"1755","RLK","AT1G48480"
"1760","KIN","AT1G61370"
"1761","TNL","AT5G46470"
"1766","KIN","AT1G61590"
"1768","T","AT2G03030"
"1770","KIN","AT4G26890"
"1771","KIN","AT5G20050"
"1772","TNL","AT5G48770"
"1773","RLK","AT5G48740"
"1774","KIN","AT4G11330"
"1776","KIN","AT1G29230"
"1777","NL","AT1G15890"
"1780","T","AT5G45220"
"1786","RLK","AT5G59660"
"1790","KIN","AT5G63940"
"1791","RLK","AT5G63930"
"1793","KIN","AT5G02800"
"1795","NL","AT1G56540"
"1797","CK","AT3G23310"
"1799","KIN","AT5G59260"
"1801","KIN","AT5G47750"
"1802","CTNL","AT3G51570"
"1809","KIN","AT1G76360"
"1812","RLK","AT4G26540"
"1814","N","AT5G66630"
"1816","RLP","AT1G34290"
"1818","NL","AT4G26090"
"1848","T","AT4G11340"
"1850","CL","AT2G32680"
"1851","KIN","AT3G25250"
"1852","KIN","AT3G57640"
"1853","TNL","AT1G64070"
"1856","KIN","AT1G61860"
"1857","KIN","AT4G02630"
"1858","KIN","AT2G33580"
"1859","CNL","AT1G61190"
"1861","KIN","AT3G45390"
"1863","RLK","AT4G20940"
"1865","RLK","AT5G10020"
"1869","RLK","AT3G49670"
"1870","RLP","AT3G24982"
"1873","RLP","AT3G12610"
"1874","KIN","AT4G22940"
"1875","L","AT4G09435"
"1880","RLP","AT1G33600"
"1882","TN","AT5G46490"
"1887","RLK","AT1G66150"
"1888","TN","AT1G66090"
"1893","RLP","AT1G74200"
"1894","RLP","AT3G22800"
"1896","KIN","AT4G08480"
"1897","KIN","AT5G01820"
"1899","KIN","AT1G76540"
"1902","KIN","AT5G55910"
"1903","CK","AT4G14480"
"1908","KIN","AT1G61475"
"1909","RLK","AT2G01210"
"1910","RLK","AT5G63410"
"1912","KIN","AT4G32830"
"1915","RLP","AT2G25440"
"1916","RLP","AT2G25470"
"1918","RLP","AT1G13230"
"1919","KIN","AT1G36005"
"1921","CK","AT5G10270"
"1922","RLP","AT1G54475"
"1926","N","AT1G70610"
"1930","TNL","AT1G63870"
"1931","KIN","AT2G23450"
"1934","KIN","AT3G06630"
"1936","KIN","AT4G10390"
"1939","KIN","AT4G02010"
"1942","RLK","AT5G20480"
"1943","RLK","AT1G27190"
"1946","KIN","AT3G20530"
"1947","KIN","AT5G45820"
"1949","KIN","AT5G45810"
"1951","RLK","AT5G53890"
"1952","N","AT4G19060"
"1953","RLP","AT4G19050"
"1955","KIN","AT5G42120"
"1956","KIN","AT3G44610"
"1958","TNL","AT2G16870"
"1969","CTNL","AT4G19520"
"1971","RLK","AT1G74360"
"1972","RLK","AT1G29720"
"1974","KIN","AT5G18910"
"1976","KIN","AT3G50000"
"1977","T","AT4G19910"
"1978","T","AT4G19925"
"1980","TNL","AT5G38850"
"1983","NL","AT3G14460"
"1997","CK","AT1G50700"
"2004","RLP","AT1G47890"
"2005","L","AT1G47885"
"2013","KIN","AT5G11400"
"2014","RLP","AT2G33060"
"2015","RLP","AT2G33050"
"2016","RLP","AT2G33080"
"2017","RLP","AT2G33020"
"2018","RLP","AT2G33030"
"2019","KIN","AT5G50180"
"2020","T","AT5G38344"
"2023","KIN","AT1G57700"
"2024","T","AT1G57670"
"2033","KIN","AT5G23170"
"2034","N","AT4G39940"
"2035","RLK","AT5G20690"
"2039","RLK","AT5G41180"
"2043","TNL","AT2G17050"
"2044","CLK","AT1G56120"
"2046","KIN","AT2G30980"
"2047","KIN","AT2G30940"
"2049","KIN","AT5G56580"
"2050","KIN","AT3G61960"
"2051","KIN","AT3G21630"
"2057","KIN","AT1G21250"
"2060","N","AT4G28630"
"2061","KIN","AT4G28540"
"2064","KIN","AT1G30270"
"2066","KIN","AT3G08760"
"2074","TNL","AT1G65850"
"2079","KIN","AT4G11530"
"2082","CNL","AT4G16890"
"2096","CK","AT1G10940"
"2098","KIN","AT3G51550"
"2101","RLK","AT3G42880"
"2102","RLK","AT1G67720"
"2104","N","AT5G04720"
"2110","RLP","AT1G17250"
"2112","KIN","AT1G63500"
"2115","KIN","AT4G10010"
"2119","CN","AT5G58290"
"2122","RLK","AT5G58300"
"2127","RLK","AT1G68400"
"2128","RLP","AT4G28560"
"2136","KIN","AT5G54380"
"2139","KIN","AT5G01060"
"2141","KIN","AT5G01020"
"2145","RLP","AT4G18670"
"2148","KIN","AT4G23230"
"2153","RLP","AT2G15880"
"2154","RLK","AT1G53420"
"2155","NL","AT4G16860"
"2158","RLK","AT1G11130"
"2161","RLK","AT3G53590"
"2165","KIN","AT1G19390"
"2169","KIN","AT5G07620"
"2171","CTNL","AT5G45200"
"2173","KIN","AT1G45160"
"2174","CK","AT1G54960"
"2177","KIN","AT3G05050"
"2179","KIN","AT2G23770"
"2180","KIN","AT1G73500"
"2184","RLK","AT4G31250"
"2185","RLP","AT5G25550"
"2186","TNL","AT5G46520"
"2198","RLP","AT4G35470"
"2208","T","AT2G17055"
"2209","TNL","AT3G51560"
"2210","KIN","AT1G49160"
"2214","TNL","AT1G56510"
"2215","TNL","AT1G56540"
"2218","KIN","AT3G20860"
"2219","KIN","AT2G46850"
"2220","KIN","AT5G11850"
"2223","KIN","AT1G51170"
"2225","KIN","AT4G29654"
"2226","RLK","AT1G72460"
"2227","KIN","AT2G41890"
"2231","RLK","AT4G18640"
"2244","RLK","AT3G56370"
"2245","CK","AT5G63650"
"2247","TNL","AT5G41550"
"2249","CK","AT4G35780"
"2256","RLK","AT5G51560"
"2258","CK","AT3G06620"
"2260","CLK","AT3G24240"
"2261","CL","AT3G26500"
"2264","KIN","AT1G65250"
"2270","KIN","AT1G52540"
"2271","KIN","AT5G39440"
"2272","KIN","AT5G45430"
"2274","RLP","AT1G33670"
"2275","TRAN","AT5G53540"
"2276","N","AT1G33560"
"2279","RLP","AT1G33610"
"2296","KIN","AT2G31800"
"2297","KIN","AT3G51990"
"2298","KIN","AT1G68830"
"2299","RLP","AT1G68780"
"2300","RLK","AT1G12460"
"2305","TNL","AT1G27170"
"2307","RLK","AT3G56100"
"2308","CK","AT3G20190"
"2309","KIN","AT5G15080"
"2310","KIN","AT2G43790"
"2315","RLK","AT3G46420"
"2316","RLK","AT3G46400"
"2317","KIN","AT3G46410"
"2318","T","AT5G45000"
"2328","KIN","AT1G79680"
"2329","TN","AT4G09430"
"2330","KIN","AT4G09012"
"2332","RLP","AT3G19230"
"2335","KIN","AT5G55830"
"2337","RLK","AT5G51350"
"2339","KIN","AT5G07140"
"2344","RLP","AT3G11080"
"2346","T","AT1G60320"
"2347","RLK","AT2G23300"
"2349","RLP","AT5G19680"
"2354","KIN","AT2G40580"
"2358","RLP","AT4G06744"
"2361","CTNL","AT2G17060"
"2364","RLK","AT5G53320"
"2373","TNL","AT5G46260"
"2376","KIN","AT3G46760"
"2380","RLK","AT3G19700"
"2381","KIN","AT1G12680"
"2383","RLP","AT3G23110"
"2387","KIN","AT1G14000"
"2395","RLP","AT4G04220"
"2401","KIN","AT4G18700"
"2402","RLP","AT3G05990"
"2403","RLK","AT2G26730"
"2404","T","AT4G04110"
"2415","RLK","AT5G67280"
"2418","RLP","AT3G15410"
"2420","TNL","AT5G45230"
"2424","TNL","AT5G45250"
"2425","RLP","AT4G33970"
"2426","KIN","AT3G55950"
"2428","RLK","AT1G53440"
"2431","RLK","AT4G36180"
"2432","KIN","AT5G47850"
"2433","RLK","AT1G24650"
"2435","KIN","AT3G57730"
"2436","KIN","AT3G57710"
"2437","KIN","AT3G57770"
"2442","RLK","AT5G06940"
"2445","KIN","AT2G34180"
"2459","KIN","AT1G18040"
"2475","RLK","AT2G41820"
"2476","KIN","AT3G53810"
"2479","KIN","AT1G70110"
"2480","CK","AT4G35230"
"2490","KIN","AT4G38830"
"2493","RLP","AT2G17440"
"2495","RLK","AT3G13065"
"2497","RLP","AT1G45616"
"2498","KIN","AT1G01450"
"2502","T","AT2G32140"
"2503","KIN","AT3G18810"
"2505","KIN","AT3G06230"
"2506","KIN","AT2G21480"
"2507","KIN","AT2G30360"
"2508","KIN","AT3G07070"
"2521","CLK","AT1G72300"
"2522","RLK","AT1G69270"
"2523","KIN","AT5G67080"
"2526","KIN","AT5G57670"
"2531","RLK","AT3G14840"
"2535","KIN","AT1G76370"
"2550","KIN","AT5G01550"
"2555","KIN","AT4G36450"
"2557","NL","AT5G44870"
"2570","RLK","AT2G45340"
"2573","KIN","AT1G16150"
"2578","RLP","AT3G25670"
"2580","KIN","AT1G69910"
"2582","KIN","AT4G14780"
"2583","RLK","AT4G20140"
"2589","RLK","AT2G01950"
"2596","RLK","AT5G56040"
"2597","CK","AT2G19400"
"2598","CK","AT3G06030"
"2599","RLP","AT3G06000"
"2600","KIN","AT3G59110"
"2602","RLP","AT1G03440"
"2615","KIN","AT5G56890"
"2616","KIN","AT5G57015"
"2617","CK","AT5G57035"
"2618","RLP","AT4G28380"
"2619","KIN","AT4G23220"
